index,voted
0,2
1,2
2,1
3,1
4,2
5,1
6,2
7,2
8,1
9,2
10,1
11,2
12,1
13,1
14,2
15,2
16,2
17,1
18,1
19,2
20,1
21,1
22,1
23,1
24,2
25,1
26,2
27,1
28,1
29,1
30,2
31,2
32,1
33,2
34,2
35,1
36,1
37,2
38,1
39,2
40,1
41,2
42,2
43,2
44,2
45,1
46,2
47,2
48,1
49,2
50,1
51,2
52,2
53,2
54,2
55,2
56,1
57,2
58,2
59,1
60,2
61,2
62,1
63,2
64,1
65,2
66,1
67,1
68,2
69,1
70,1
71,1
72,1
73,2
74,2
75,2
76,2
77,1
78,1
79,1
80,2
81,1
82,1
83,1
84,2
85,1
86,2
87,1
88,1
89,2
90,2
91,1
92,1
93,1
94,2
95,2
96,2
97,2
98,2
99,2
100,1
101,1
102,2
103,1
104,1
105,1
106,1
107,2
108,2
109,1
110,2
111,1
112,2
113,2
114,2
115,2
116,1
117,1
118,1
119,1
120,1
121,2
122,2
123,1
124,1
125,2
126,2
127,2
128,2
129,1
130,1
131,1
132,1
133,2
134,2
135,2
136,1
137,2
138,1
139,2
140,1
141,2
142,1
143,1
144,1
145,1
146,2
147,1
148,1
149,1
150,1
151,2
152,2
153,1
154,1
155,1
156,2
157,1
158,2
159,1
160,2
161,1
162,1
163,1
164,2
165,1
166,1
167,2
168,1
169,2
170,2
171,1
172,1
173,2
174,2
175,2
176,2
177,1
178,1
179,2
180,2
181,1
182,2
183,1
184,2
185,1
186,1
187,2
188,2
189,2
190,2
191,2
192,2
193,1
194,1
195,1
196,1
197,1
198,1
199,1
200,1
201,1
202,1
203,1
204,2
205,1
206,1
207,1
208,1
209,2
210,2
211,2
212,1
213,2
214,1
215,1
216,2
217,1
218,1
219,1
220,1
221,2
222,2
223,1
224,2
225,1
226,1
227,2
228,2
229,1
230,1
231,1
232,1
233,2
234,2
235,2
236,2
237,2
238,2
239,1
240,2
241,1
242,1
243,2
244,1
245,1
246,1
247,2
248,1
249,2
250,2
251,1
252,1
253,2
254,1
255,1
256,1
257,1
258,2
259,1
260,2
261,2
262,1
263,2
264,1
265,1
266,2
267,2
268,2
269,2
270,1
271,1
272,2
273,1
274,1
275,2
276,2
277,2
278,2
279,1
280,1
281,2
282,2
283,2
284,1
285,1
286,1
287,1
288,1
289,2
290,1
291,2
292,1
293,2
294,2
295,1
296,1
297,1
298,1
299,2
300,2
301,2
302,2
303,2
304,2
305,2
306,1
307,1
308,1
309,2
310,1
311,2
312,2
313,2
314,1
315,2
316,2
317,1
318,1
319,1
320,1
321,1
322,2
323,1
324,1
325,1
326,1
327,1
328,1
329,2
330,2
331,1
332,1
333,2
334,2
335,2
336,1
337,2
338,2
339,2
340,2
341,1
342,2
343,1
344,2
345,1
346,1
347,2
348,1
349,1
350,2
351,2
352,1
353,1
354,2
355,1
356,2
357,1
358,2
359,1
360,2
361,2
362,2
363,2
364,2
365,2
366,2
367,2
368,1
369,1
370,1
371,2
372,1
373,2
374,1
375,2
376,1
377,1
378,2
379,1
380,2
381,2
382,2
383,1
384,1
385,1
386,1
387,1
388,2
389,1
390,2
391,2
392,1
393,2
394,1
395,2
396,1
397,1
398,2
399,1
400,1
401,2
402,2
403,2
404,1
405,1
406,1
407,1
408,1
409,2
410,1
411,1
412,1
413,1
414,1
415,1
416,1
417,2
418,2
419,1
420,2
421,1
422,1
423,2
424,1
425,1
426,1
427,1
428,1
429,1
430,1
431,1
432,1
433,2
434,1
435,1
436,2
437,2
438,2
439,2
440,1
441,1
442,2
443,2
444,1
445,1
446,1
447,1
448,1
449,2
450,1
451,1
452,1
453,1
454,1
455,1
456,2
457,2
458,2
459,2
460,1
461,1
462,2
463,2
464,1
465,1
466,1
467,2
468,2
469,2
470,2
471,2
472,2
473,2
474,1
475,2
476,2
477,2
478,2
479,2
480,1
481,2
482,1
483,2
484,2
485,2
486,1
487,1
488,2
489,1
490,2
491,1
492,1
493,1
494,2
495,1
496,2
497,2
498,1
499,2
500,2
501,2
502,1
503,2
504,1
505,2
506,1
507,1
508,1
509,2
510,1
511,2
512,1
513,1
514,2
515,1
516,1
517,1
518,1
519,2
520,1
521,1
522,2
523,1
524,1
525,2
526,2
527,2
528,2
529,2
530,2
531,2
532,1
533,1
534,1
535,1
536,1
537,1
538,1
539,1
540,2
541,2
542,2
543,1
544,1
545,2
546,2
547,1
548,2
549,1
550,1
551,1
552,1
553,2
554,1
555,1
556,1
557,2
558,2
559,2
560,2
561,1
562,2
563,2
564,2
565,2
566,1
567,1
568,2
569,1
570,1
571,2
572,1
573,2
574,1
575,2
576,1
577,2
578,2
579,2
580,1
581,2
582,2
583,2
584,2
585,2
586,1
587,2
588,2
589,1
590,2
591,1
592,1
593,1
594,2
595,1
596,1
597,1
598,2
599,2
600,2
601,1
602,2
603,2
604,1
605,1
606,1
607,1
608,2
609,2
610,1
611,1
612,1
613,1
614,1
615,1
616,1
617,1
618,1
619,2
620,1
621,1
622,1
623,1
624,2
625,1
626,1
627,2
628,2
629,2
630,2
631,1
632,2
633,1
634,2
635,2
636,1
637,1
638,1
639,2
640,2
641,2
642,1
643,1
644,1
645,1
646,2
647,1
648,1
649,1
650,2
651,1
652,2
653,1
654,1
655,1
656,1
657,1
658,2
659,2
660,1
661,2
662,1
663,2
664,2
665,1
666,2
667,1
668,2
669,1
670,1
671,1
672,2
673,2
674,1
675,1
676,2
677,1
678,2
679,1
680,1
681,2
682,2
683,2
684,1
685,2
686,1
687,2
688,1
689,2
690,1
691,2
692,2
693,2
694,1
695,2
696,2
697,1
698,1
699,1
700,1
701,1
702,1
703,1
704,2
705,2
706,2
707,2
708,2
709,2
710,2
711,1
712,1
713,1
714,2
715,2
716,1
717,2
718,1
719,1
720,2
721,2
722,1
723,2
724,1
725,1
726,2
727,2
728,1
729,1
730,2
731,2
732,2
733,2
734,1
735,2
736,2
737,2
738,2
739,2
740,1
741,2
742,2
743,2
744,2
745,1
746,1
747,1
748,1
749,2
750,2
751,2
752,1
753,2
754,1
755,2
756,2
757,1
758,2
759,2
760,1
761,2
762,1
763,1
764,2
765,1
766,2
767,1
768,2
769,2
770,1
771,2
772,2
773,2
774,1
775,2
776,1
777,1
778,1
779,2
780,2
781,2
782,1
783,1
784,2
785,1
786,1
787,1
788,1
789,1
790,1
791,1
792,2
793,1
794,2
795,2
796,1
797,2
798,1
799,1
800,2
801,2
802,2
803,2
804,1
805,1
806,2
807,1
808,1
809,1
810,2
811,1
812,2
813,1
814,2
815,1
816,2
817,2
818,1
819,2
820,1
821,2
822,1
823,1
824,2
825,1
826,1
827,2
828,2
829,2
830,1
831,2
832,2
833,1
834,2
835,2
836,1
837,1
838,1
839,1
840,2
841,1
842,2
843,2
844,1
845,1
846,2
847,2
848,2
849,1
850,2
851,2
852,2
853,1
854,2
855,2
856,2
857,2
858,1
859,1
860,2
861,2
862,1
863,1
864,1
865,2
866,1
867,1
868,1
869,1
870,1
871,1
872,1
873,2
874,1
875,1
876,1
877,1
878,1
879,2
880,2
881,1
882,2
883,2
884,1
885,2
886,1
887,2
888,2
889,2
890,2
891,1
892,1
893,1
894,2
895,1
896,2
897,2
898,2
899,2
900,2
901,2
902,1
903,2
904,1
905,1
906,1
907,1
908,1
909,2
910,1
911,1
912,1
913,1
914,1
915,1
916,2
917,2
918,1
919,1
920,1
921,1
922,1
923,2
924,1
925,1
926,2
927,1
928,2
929,1
930,2
931,2
932,2
933,2
934,1
935,1
936,1
937,2
938,2
939,1
940,2
941,1
942,1
943,1
944,1
945,2
946,2
947,2
948,1
949,1
950,2
951,1
952,2
953,2
954,1
955,1
956,1
957,1
958,2
959,2
960,1
961,1
962,1
963,1
964,1
965,2
966,1
967,2
968,2
969,1
970,2
971,1
972,2
973,2
974,1
975,1
976,1
977,2
978,2
979,1
980,2
981,1
982,2
983,1
984,2
985,2
986,2
987,2
988,1
989,1
990,1
991,1
992,2
993,1
994,2
995,1
996,2
997,1
998,2
999,1
1000,1
1001,1
1002,2
1003,1
1004,2
1005,2
1006,1
1007,2
1008,2
1009,1
1010,1
1011,2
1012,2
1013,1
1014,2
1015,2
1016,2
1017,1
1018,1
1019,1
1020,2
1021,2
1022,2
1023,1
1024,1
1025,1
1026,1
1027,1
1028,1
1029,1
1030,2
1031,2
1032,2
1033,1
1034,1
1035,2
1036,1
1037,1
1038,2
1039,2
1040,2
1041,1
1042,1
1043,1
1044,2
1045,1
1046,1
1047,2
1048,1
1049,1
1050,2
1051,2
1052,2
1053,1
1054,2
1055,1
1056,2
1057,2
1058,1
1059,1
1060,1
1061,1
1062,1
1063,2
1064,1
1065,1
1066,2
1067,1
1068,1
1069,1
1070,1
1071,2
1072,1
1073,1
1074,2
1075,1
1076,1
1077,2
1078,1
1079,2
1080,2
1081,1
1082,1
1083,2
1084,1
1085,1
1086,1
1087,2
1088,1
1089,2
1090,1
1091,1
1092,2
1093,1
1094,1
1095,1
1096,2
1097,2
1098,2
1099,2
1100,1
1101,1
1102,2
1103,2
1104,1
1105,2
1106,1
1107,2
1108,2
1109,2
1110,2
1111,1
1112,1
1113,1
1114,2
1115,2
1116,2
1117,1
1118,2
1119,1
1120,1
1121,1
1122,1
1123,2
1124,2
1125,2
1126,2
1127,2
1128,1
1129,1
1130,2
1131,2
1132,1
1133,1
1134,1
1135,2
1136,1
1137,1
1138,2
1139,2
1140,2
1141,2
1142,1
1143,1
1144,1
1145,1
1146,1
1147,1
1148,1
1149,2
1150,1
1151,2
1152,1
1153,2
1154,1
1155,1
1156,1
1157,1
1158,1
1159,1
1160,2
1161,1
1162,1
1163,1
1164,1
1165,1
1166,1
1167,1
1168,2
1169,2
1170,1
1171,2
1172,1
1173,2
1174,1
1175,1
1176,2
1177,2
1178,1
1179,2
1180,2
1181,2
1182,1
1183,1
1184,1
1185,1
1186,1
1187,2
1188,2
1189,2
1190,1
1191,1
1192,2
1193,2
1194,1
1195,2
1196,1
1197,1
1198,2
1199,1
1200,1
1201,2
1202,2
1203,2
1204,1
1205,1
1206,2
1207,2
1208,1
1209,2
1210,1
1211,1
1212,2
1213,2
1214,2
1215,1
1216,2
1217,1
1218,1
1219,2
1220,2
1221,2
1222,1
1223,1
1224,2
1225,2
1226,1
1227,1
1228,1
1229,1
1230,1
1231,2
1232,1
1233,2
1234,2
1235,1
1236,1
1237,1
1238,2
1239,1
1240,1
1241,1
1242,1
1243,1
1244,1
1245,1
1246,2
1247,1
1248,2
1249,2
1250,2
1251,2
1252,2
1253,2
1254,2
1255,2
1256,2
1257,2
1258,1
1259,1
1260,2
1261,2
1262,1
1263,1
1264,2
1265,1
1266,2
1267,1
1268,2
1269,1
1270,1
1271,2
1272,1
1273,2
1274,2
1275,2
1276,2
1277,2
1278,1
1279,2
1280,2
1281,2
1282,1
1283,1
1284,1
1285,1
1286,1
1287,2
1288,2
1289,2
1290,2
1291,2
1292,2
1293,1
1294,2
1295,2
1296,1
1297,1
1298,1
1299,2
1300,2
1301,2
1302,2
1303,1
1304,1
1305,2
1306,2
1307,1
1308,1
1309,2
1310,1
1311,2
1312,2
1313,2
1314,2
1315,1
1316,2
1317,1
1318,1
1319,2
1320,1
1321,2
1322,2
1323,1
1324,1
1325,2
1326,2
1327,1
1328,1
1329,2
1330,2
1331,1
1332,1
1333,1
1334,1
1335,2
1336,2
1337,1
1338,2
1339,2
1340,2
1341,2
1342,2
1343,1
1344,1
1345,1
1346,2
1347,1
1348,2
1349,2
1350,2
1351,1
1352,1
1353,2
1354,2
1355,1
1356,1
1357,2
1358,2
1359,2
1360,2
1361,1
1362,2
1363,1
1364,2
1365,1
1366,1
1367,1
1368,1
1369,2
1370,2
1371,2
1372,1
1373,1
1374,1
1375,1
1376,1
1377,2
1378,1
1379,2
1380,2
1381,1
1382,1
1383,2
1384,2
1385,1
1386,1
1387,1
1388,1
1389,2
1390,2
1391,2
1392,1
1393,2
1394,1
1395,1
1396,2
1397,2
1398,1
1399,2
1400,1
1401,2
1402,2
1403,2
1404,2
1405,1
1406,1
1407,2
1408,2
1409,1
1410,2
1411,2
1412,2
1413,1
1414,1
1415,1
1416,1
1417,1
1418,2
1419,2
1420,1
1421,1
1422,2
1423,2
1424,2
1425,2
1426,1
1427,2
1428,2
1429,1
1430,1
1431,1
1432,2
1433,1
1434,1
1435,1
1436,2
1437,1
1438,2
1439,2
1440,1
1441,2
1442,1
1443,2
1444,2
1445,2
1446,1
1447,2
1448,1
1449,2
1450,1
1451,2
1452,2
1453,2
1454,1
1455,2
1456,2
1457,1
1458,2
1459,1
1460,2
1461,1
1462,2
1463,1
1464,1
1465,1
1466,1
1467,1
1468,2
1469,2
1470,1
1471,2
1472,1
1473,2
1474,2
1475,1
1476,2
1477,1
1478,2
1479,1
1480,2
1481,2
1482,2
1483,2
1484,2
1485,1
1486,2
1487,2
1488,1
1489,1
1490,2
1491,2
1492,1
1493,2
1494,1
1495,1
1496,1
1497,1
1498,1
1499,2
1500,2
1501,2
1502,2
1503,1
1504,1
1505,1
1506,2
1507,2
1508,2
1509,1
1510,1
1511,2
1512,2
1513,1
1514,1
1515,1
1516,2
1517,2
1518,2
1519,1
1520,2
1521,2
1522,2
1523,2
1524,2
1525,2
1526,1
1527,1
1528,2
1529,2
1530,2
1531,1
1532,2
1533,2
1534,2
1535,2
1536,1
1537,1
1538,2
1539,2
1540,1
1541,1
1542,1
1543,1
1544,1
1545,2
1546,2
1547,1
1548,1
1549,2
1550,1
1551,1
1552,1
1553,1
1554,1
1555,2
1556,1
1557,2
1558,2
1559,1
1560,1
1561,2
1562,2
1563,2
1564,1
1565,1
1566,2
1567,2
1568,2
1569,2
1570,1
1571,1
1572,2
1573,1
1574,1
1575,1
1576,1
1577,2
1578,1
1579,2
1580,1
1581,1
1582,1
1583,1
1584,2
1585,1
1586,2
1587,2
1588,1
1589,2
1590,1
1591,2
1592,2
1593,1
1594,1
1595,2
1596,2
1597,1
1598,2
1599,2
1600,1
1601,1
1602,2
1603,2
1604,1
1605,2
1606,1
1607,1
1608,2
1609,2
1610,1
1611,1
1612,2
1613,2
1614,1
1615,1
1616,2
1617,1
1618,1
1619,2
1620,1
1621,1
1622,1
1623,2
1624,2
1625,1
1626,1
1627,2
1628,2
1629,2
1630,2
1631,2
1632,1
1633,1
1634,1
1635,2
1636,2
1637,1
1638,2
1639,2
1640,2
1641,2
1642,2
1643,2
1644,2
1645,1
1646,2
1647,1
1648,1
1649,2
1650,1
1651,1
1652,1
1653,1
1654,2
1655,2
1656,2
1657,1
1658,1
1659,2
1660,2
1661,1
1662,1
1663,1
1664,1
1665,1
1666,2
1667,2
1668,1
1669,2
1670,1
1671,1
1672,2
1673,2
1674,2
1675,2
1676,2
1677,2
1678,2
1679,1
1680,1
1681,2
1682,1
1683,2
1684,1
1685,2
1686,2
1687,2
1688,1
1689,1
1690,1
1691,1
1692,1
1693,2
1694,2
1695,1
1696,1
1697,1
1698,2
1699,1
1700,1
1701,1
1702,1
1703,1
1704,1
1705,2
1706,2
1707,1
1708,1
1709,1
1710,2
1711,1
1712,2
1713,1
1714,1
1715,1
1716,1
1717,2
1718,1
1719,1
1720,2
1721,1
1722,1
1723,1
1724,2
1725,2
1726,1
1727,1
1728,2
1729,1
1730,1
1731,2
1732,2
1733,1
1734,2
1735,2
1736,1
1737,1
1738,2
1739,1
1740,2
1741,2
1742,1
1743,1
1744,1
1745,2
1746,1
1747,1
1748,2
1749,1
1750,2
1751,2
1752,1
1753,2
1754,1
1755,1
1756,1
1757,2
1758,1
1759,1
1760,2
1761,1
1762,1
1763,2
1764,2
1765,1
1766,1
1767,2
1768,2
1769,1
1770,2
1771,1
1772,1
1773,1
1774,1
1775,1
1776,2
1777,1
1778,2
1779,1
1780,1
1781,1
1782,1
1783,2
1784,1
1785,1
1786,2
1787,1
1788,1
1789,2
1790,1
1791,1
1792,1
1793,1
1794,2
1795,1
1796,2
1797,1
1798,2
1799,2
1800,2
1801,1
1802,2
1803,2
1804,2
1805,1
1806,1
1807,1
1808,1
1809,2
1810,2
1811,2
1812,1
1813,1
1814,2
1815,2
1816,1
1817,1
1818,1
1819,1
1820,1
1821,2
1822,2
1823,2
1824,1
1825,2
1826,1
1827,2
1828,2
1829,1
1830,1
1831,2
1832,2
1833,1
1834,1
1835,1
1836,1
1837,1
1838,1
1839,1
1840,2
1841,2
1842,2
1843,2
1844,2
1845,2
1846,1
1847,2
1848,1
1849,2
1850,1
1851,1
1852,2
1853,1
1854,2
1855,2
1856,1
1857,2
1858,1
1859,2
1860,2
1861,2
1862,2
1863,1
1864,1
1865,2
1866,2
1867,2
1868,1
1869,1
1870,2
1871,2
1872,1
1873,1
1874,2
1875,2
1876,1
1877,1
1878,1
1879,2
1880,2
1881,1
1882,2
1883,2
1884,2
1885,1
1886,1
1887,1
1888,1
1889,1
1890,1
1891,2
1892,2
1893,1
1894,2
1895,1
1896,1
1897,1
1898,1
1899,1
1900,1
1901,2
1902,2
1903,2
1904,1
1905,1
1906,1
1907,2
1908,2
1909,2
1910,1
1911,2
1912,1
1913,1
1914,2
1915,1
1916,2
1917,1
1918,1
1919,1
1920,2
1921,2
1922,2
1923,1
1924,1
1925,2
1926,1
1927,2
1928,2
1929,1
1930,2
1931,1
1932,1
1933,2
1934,2
1935,2
1936,1
1937,2
1938,1
1939,2
1940,2
1941,2
1942,1
1943,1
1944,1
1945,1
1946,1
1947,1
1948,2
1949,2
1950,1
1951,1
1952,1
1953,1
1954,1
1955,1
1956,1
1957,1
1958,2
1959,2
1960,2
1961,1
1962,2
1963,2
1964,2
1965,2
1966,2
1967,2
1968,2
1969,2
1970,1
1971,1
1972,2
1973,1
1974,1
1975,1
1976,1
1977,2
1978,2
1979,1
1980,1
1981,2
1982,2
1983,1
1984,1
1985,1
1986,1
1987,2
1988,1
1989,2
1990,1
1991,2
1992,1
1993,1
1994,2
1995,1
1996,2
1997,1
1998,2
1999,2
2000,1
2001,2
2002,1
2003,2
2004,2
2005,1
2006,1
2007,2
2008,1
2009,1
2010,2
2011,1
2012,2
2013,1
2014,1
2015,1
2016,1
2017,2
2018,1
2019,1
2020,1
2021,1
2022,1
2023,1
2024,1
2025,1
2026,2
2027,2
2028,2
2029,2
2030,1
2031,1
2032,1
2033,2
2034,2
2035,2
2036,2
2037,2
2038,2
2039,1
2040,2
2041,2
2042,1
2043,1
2044,1
2045,1
2046,2
2047,2
2048,2
2049,1
2050,1
2051,2
2052,2
2053,1
2054,1
2055,1
2056,1
2057,2
2058,1
2059,2
2060,2
2061,1
2062,1
2063,2
2064,2
2065,2
2066,2
2067,2
2068,1
2069,1
2070,1
2071,1
2072,2
2073,1
2074,1
2075,2
2076,2
2077,1
2078,1
2079,2
2080,2
2081,1
2082,2
2083,1
2084,1
2085,2
2086,2
2087,2
2088,2
2089,2
2090,2
2091,2
2092,1
2093,1
2094,1
2095,2
2096,1
2097,2
2098,1
2099,2
2100,2
2101,1
2102,1
2103,1
2104,2
2105,1
2106,1
2107,1
2108,2
2109,1
2110,1
2111,1
2112,2
2113,2
2114,2
2115,2
2116,1
2117,2
2118,2
2119,2
2120,2
2121,1
2122,2
2123,2
2124,1
2125,2
2126,1
2127,1
2128,1
2129,1
2130,1
2131,2
2132,1
2133,1
2134,2
2135,1
2136,1
2137,1
2138,1
2139,2
2140,2
2141,1
2142,2
2143,1
2144,2
2145,1
2146,2
2147,2
2148,2
2149,2
2150,1
2151,2
2152,1
2153,2
2154,2
2155,2
2156,1
2157,2
2158,1
2159,1
2160,1
2161,2
2162,2
2163,1
2164,1
2165,1
2166,2
2167,1
2168,1
2169,2
2170,1
2171,1
2172,1
2173,1
2174,1
2175,2
2176,2
2177,1
2178,1
2179,1
2180,1
2181,1
2182,2
2183,1
2184,2
2185,2
2186,2
2187,2
2188,1
2189,2
2190,1
2191,1
2192,1
2193,2
2194,1
2195,1
2196,2
2197,2
2198,1
2199,1
2200,1
2201,2
2202,1
2203,1
2204,2
2205,2
2206,1
2207,1
2208,1
2209,1
2210,2
2211,1
2212,1
2213,2
2214,1
2215,2
2216,1
2217,2
2218,2
2219,2
2220,1
2221,1
2222,1
2223,2
2224,2
2225,1
2226,2
2227,1
2228,2
2229,2
2230,1
2231,1
2232,2
2233,1
2234,1
2235,1
2236,2
2237,1
2238,2
2239,1
2240,1
2241,2
2242,1
2243,2
2244,2
2245,1
2246,2
2247,1
2248,2
2249,2
2250,2
2251,1
2252,2
2253,2
2254,1
2255,1
2256,2
2257,1
2258,1
2259,1
2260,2
2261,1
2262,1
2263,1
2264,1
2265,2
2266,1
2267,2
2268,1
2269,1
2270,2
2271,1
2272,2
2273,1
2274,2
2275,2
2276,2
2277,1
2278,1
2279,1
2280,1
2281,2
2282,2
2283,1
2284,1
2285,1
2286,2
2287,1
2288,1
2289,1
2290,1
2291,2
2292,1
2293,1
2294,2
2295,2
2296,1
2297,1
2298,1
2299,2
2300,2
2301,2
2302,2
2303,2
2304,1
2305,2
2306,2
2307,2
2308,2
2309,1
2310,2
2311,2
2312,1
2313,1
2314,1
2315,2
2316,2
2317,2
2318,2
2319,1
2320,1
2321,2
2322,2
2323,2
2324,2
2325,1
2326,1
2327,2
2328,1
2329,1
2330,2
2331,2
2332,2
2333,1
2334,1
2335,1
2336,1
2337,1
2338,1
2339,1
2340,2
2341,2
2342,1
2343,2
2344,1
2345,1
2346,1
2347,1
2348,1
2349,2
2350,1
2351,1
2352,1
2353,2
2354,2
2355,1
2356,2
2357,1
2358,1
2359,2
2360,1
2361,1
2362,2
2363,1
2364,1
2365,2
2366,1
2367,1
2368,1
2369,2
2370,1
2371,2
2372,1
2373,1
2374,1
2375,1
2376,1
2377,1
2378,2
2379,1
2380,2
2381,2
2382,2
2383,2
2384,2
2385,2
2386,2
2387,1
2388,2
2389,1
2390,1
2391,2
2392,1
2393,2
2394,1
2395,1
2396,2
2397,1
2398,2
2399,2
2400,2
2401,2
2402,1
2403,1
2404,2
2405,1
2406,1
2407,2
2408,1
2409,2
2410,1
2411,1
2412,2
2413,2
2414,1
2415,1
2416,1
2417,2
2418,1
2419,2
2420,2
2421,2
2422,2
2423,2
2424,2
2425,2
2426,2
2427,1
2428,1
2429,2
2430,2
2431,1
2432,2
2433,1
2434,1
2435,2
2436,1
2437,1
2438,2
2439,2
2440,1
2441,2
2442,1
2443,2
2444,2
2445,1
2446,2
2447,1
2448,2
2449,2
2450,1
2451,1
2452,2
2453,1
2454,2
2455,2
2456,1
2457,1
2458,2
2459,2
2460,2
2461,2
2462,2
2463,2
2464,2
2465,1
2466,2
2467,1
2468,1
2469,1
2470,1
2471,1
2472,1
2473,1
2474,1
2475,1
2476,1
2477,1
2478,2
2479,1
2480,1
2481,2
2482,2
2483,1
2484,1
2485,1
2486,1
2487,1
2488,1
2489,2
2490,2
2491,1
2492,2
2493,2
2494,1
2495,1
2496,2
2497,2
2498,1
2499,2
2500,1
2501,1
2502,1
2503,2
2504,2
2505,1
2506,2
2507,2
2508,1
2509,1
2510,2
2511,2
2512,1
2513,1
2514,2
2515,1
2516,1
2517,1
2518,2
2519,2
2520,2
2521,1
2522,1
2523,1
2524,1
2525,2
2526,1
2527,2
2528,2
2529,2
2530,1
2531,2
2532,1
2533,2
2534,1
2535,1
2536,1
2537,1
2538,1
2539,1
2540,1
2541,1
2542,1
2543,2
2544,1
2545,1
2546,1
2547,2
2548,1
2549,2
2550,1
2551,1
2552,1
2553,2
2554,1
2555,1
2556,2
2557,1
2558,1
2559,2
2560,1
2561,2
2562,2
2563,1
2564,2
2565,1
2566,1
2567,1
2568,1
2569,2
2570,2
2571,1
2572,2
2573,2
2574,1
2575,1
2576,1
2577,2
2578,1
2579,2
2580,2
2581,1
2582,1
2583,2
2584,1
2585,2
2586,1
2587,2
2588,2
2589,1
2590,2
2591,1
2592,2
2593,1
2594,1
2595,1
2596,1
2597,2
2598,1
2599,2
2600,1
2601,1
2602,2
2603,1
2604,1
2605,2
2606,2
2607,1
2608,2
2609,2
2610,1
2611,2
2612,2
2613,2
2614,2
2615,2
2616,1
2617,2
2618,2
2619,2
2620,1
2621,2
2622,1
2623,1
2624,1
2625,1
2626,2
2627,1
2628,1
2629,2
2630,1
2631,1
2632,1
2633,2
2634,2
2635,1
2636,1
2637,1
2638,1
2639,2
2640,1
2641,2
2642,1
2643,1
2644,1
2645,1
2646,1
2647,1
2648,1
2649,1
2650,1
2651,1
2652,1
2653,1
2654,1
2655,2
2656,2
2657,2
2658,2
2659,2
2660,2
2661,2
2662,1
2663,1
2664,1
2665,2
2666,1
2667,1
2668,1
2669,1
2670,1
2671,1
2672,1
2673,1
2674,1
2675,1
2676,2
2677,1
2678,2
2679,1
2680,2
2681,2
2682,1
2683,1
2684,1
2685,2
2686,2
2687,2
2688,1
2689,1
2690,2
2691,1
2692,2
2693,2
2694,2
2695,2
2696,2
2697,2
2698,1
2699,2
2700,1
2701,2
2702,1
2703,1
2704,1
2705,1
2706,1
2707,1
2708,2
2709,2
2710,2
2711,2
2712,1
2713,1
2714,2
2715,1
2716,2
2717,1
2718,2
2719,1
2720,2
2721,2
2722,1
2723,1
2724,2
2725,1
2726,2
2727,2
2728,1
2729,1
2730,2
2731,2
2732,1
2733,1
2734,2
2735,1
2736,2
2737,1
2738,1
2739,2
2740,2
2741,1
2742,1
2743,1
2744,2
2745,1
2746,2
2747,1
2748,1
2749,1
2750,1
2751,1
2752,2
2753,2
2754,1
2755,1
2756,1
2757,2
2758,2
2759,2
2760,2
2761,1
2762,1
2763,1
2764,2
2765,1
2766,2
2767,1
2768,1
2769,2
2770,1
2771,2
2772,2
2773,2
2774,1
2775,1
2776,1
2777,2
2778,2
2779,1
2780,2
2781,2
2782,1
2783,2
2784,2
2785,2
2786,1
2787,1
2788,1
2789,1
2790,1
2791,1
2792,1
2793,1
2794,1
2795,1
2796,2
2797,1
2798,2
2799,1
2800,1
2801,2
2802,2
2803,2
2804,1
2805,2
2806,2
2807,1
2808,1
2809,1
2810,1
2811,1
2812,2
2813,1
2814,1
2815,1
2816,2
2817,1
2818,2
2819,2
2820,1
2821,1
2822,2
2823,2
2824,1
2825,2
2826,1
2827,2
2828,1
2829,2
2830,1
2831,1
2832,1
2833,2
2834,2
2835,1
2836,1
2837,1
2838,1
2839,2
2840,1
2841,1
2842,2
2843,1
2844,1
2845,2
2846,2
2847,2
2848,1
2849,1
2850,2
2851,2
2852,2
2853,1
2854,2
2855,1
2856,2
2857,2
2858,1
2859,2
2860,2
2861,2
2862,1
2863,1
2864,2
2865,1
2866,1
2867,2
2868,2
2869,2
2870,2
2871,1
2872,1
2873,2
2874,2
2875,2
2876,2
2877,2
2878,2
2879,2
2880,1
2881,2
2882,1
2883,1
2884,1
2885,2
2886,1
2887,1
2888,2
2889,2
2890,1
2891,2
2892,1
2893,1
2894,2
2895,1
2896,2
2897,1
2898,1
2899,2
2900,2
2901,2
2902,1
2903,1
2904,2
2905,1
2906,2
2907,2
2908,2
2909,1
2910,1
2911,1
2912,1
2913,2
2914,1
2915,2
2916,2
2917,2
2918,1
2919,2
2920,2
2921,2
2922,2
2923,1
2924,1
2925,2
2926,2
2927,2
2928,2
2929,1
2930,1
2931,2
2932,2
2933,2
2934,2
2935,1
2936,1
2937,2
2938,2
2939,1
2940,1
2941,2
2942,1
2943,2
2944,2
2945,1
2946,2
2947,2
2948,2
2949,2
2950,2
2951,2
2952,1
2953,1
2954,1
2955,2
2956,2
2957,1
2958,2
2959,1
2960,1
2961,1
2962,1
2963,1
2964,1
2965,1
2966,2
2967,1
2968,1
2969,2
2970,1
2971,2
2972,1
2973,1
2974,1
2975,1
2976,2
2977,1
2978,2
2979,1
2980,1
2981,1
2982,2
2983,1
2984,2
2985,2
2986,1
2987,2
2988,1
2989,2
2990,2
2991,2
2992,1
2993,1
2994,2
2995,2
2996,1
2997,1
2998,1
2999,2
3000,1
3001,2
3002,2
3003,2
3004,1
3005,1
3006,1
3007,2
3008,2
3009,2
3010,1
3011,2
3012,2
3013,2
3014,2
3015,2
3016,1
3017,1
3018,1
3019,2
3020,1
3021,2
3022,1
3023,1
3024,1
3025,1
3026,1
3027,1
3028,2
3029,1
3030,2
3031,2
3032,2
3033,1
3034,1
3035,1
3036,2
3037,1
3038,1
3039,2
3040,2
3041,2
3042,2
3043,1
3044,1
3045,2
3046,2
3047,1
3048,2
3049,1
3050,1
3051,1
3052,1
3053,1
3054,2
3055,1
3056,2
3057,1
3058,1
3059,1
3060,1
3061,2
3062,2
3063,1
3064,2
3065,1
3066,1
3067,1
3068,2
3069,2
3070,2
3071,2
3072,2
3073,2
3074,2
3075,1
3076,1
3077,1
3078,1
3079,2
3080,1
3081,1
3082,2
3083,2
3084,1
3085,1
3086,2
3087,2
3088,2
3089,2
3090,2
3091,2
3092,1
3093,2
3094,1
3095,1
3096,2
3097,2
3098,2
3099,1
3100,2
3101,2
3102,1
3103,2
3104,1
3105,1
3106,2
3107,1
3108,2
3109,2
3110,2
3111,1
3112,1
3113,1
3114,1
3115,2
3116,2
3117,2
3118,2
3119,2
3120,2
3121,2
3122,2
3123,1
3124,2
3125,1
3126,2
3127,1
3128,1
3129,2
3130,1
3131,2
3132,1
3133,1
3134,2
3135,2
3136,1
3137,1
3138,2
3139,1
3140,2
3141,1
3142,2
3143,1
3144,1
3145,2
3146,2
3147,2
3148,2
3149,1
3150,2
3151,1
3152,2
3153,2
3154,1
3155,2
3156,1
3157,2
3158,2
3159,1
3160,1
3161,1
3162,2
3163,2
3164,1
3165,1
3166,1
3167,1
3168,2
3169,2
3170,1
3171,1
3172,2
3173,1
3174,2
3175,2
3176,1
3177,2
3178,1
3179,1
3180,1
3181,2
3182,1
3183,2
3184,1
3185,1
3186,1
3187,2
3188,1
3189,1
3190,2
3191,1
3192,2
3193,2
3194,2
3195,2
3196,1
3197,1
3198,2
3199,2
3200,1
3201,1
3202,1
3203,2
3204,1
3205,1
3206,2
3207,2
3208,2
3209,2
3210,1
3211,1
3212,2
3213,1
3214,2
3215,1
3216,2
3217,2
3218,2
3219,2
3220,2
3221,2
3222,2
3223,1
3224,2
3225,1
3226,2
3227,1
3228,1
3229,2
3230,1
3231,1
3232,1
3233,1
3234,2
3235,1
3236,2
3237,2
3238,2
3239,2
3240,2
3241,1
3242,2
3243,1
3244,2
3245,1
3246,2
3247,1
3248,1
3249,2
3250,2
3251,1
3252,2
3253,1
3254,2
3255,1
3256,1
3257,1
3258,1
3259,2
3260,2
3261,2
3262,1
3263,1
3264,1
3265,1
3266,2
3267,2
3268,2
3269,2
3270,1
3271,2
3272,1
3273,1
3274,1
3275,2
3276,1
3277,2
3278,2
3279,2
3280,1
3281,1
3282,2
3283,1
3284,2
3285,1
3286,2
3287,1
3288,2
3289,1
3290,2
3291,2
3292,1
3293,2
3294,1
3295,2
3296,1
3297,1
3298,2
3299,2
3300,1
3301,1
3302,1
3303,2
3304,1
3305,2
3306,1
3307,1
3308,2
3309,1
3310,2
3311,2
3312,1
3313,1
3314,2
3315,1
3316,1
3317,2
3318,2
3319,1
3320,1
3321,1
3322,2
3323,1
3324,1
3325,2
3326,1
3327,2
3328,2
3329,2
3330,1
3331,2
3332,1
3333,1
3334,2
3335,1
3336,2
3337,2
3338,2
3339,1
3340,2
3341,1
3342,2
3343,1
3344,1
3345,2
3346,1
3347,1
3348,2
3349,1
3350,2
3351,2
3352,2
3353,1
3354,2
3355,1
3356,2
3357,1
3358,1
3359,2
3360,1
3361,1
3362,1
3363,1
3364,2
3365,1
3366,2
3367,1
3368,2
3369,1
3370,1
3371,2
3372,1
3373,1
3374,2
3375,2
3376,2
3377,2
3378,1
3379,2
3380,1
3381,1
3382,2
3383,1
3384,2
3385,1
3386,1
3387,2
3388,1
3389,2
3390,1
3391,1
3392,1
3393,2
3394,1
3395,2
3396,2
3397,1
3398,1
3399,1
3400,1
3401,1
3402,2
3403,1
3404,1
3405,1
3406,2
3407,1
3408,2
3409,1
3410,1
3411,1
3412,1
3413,2
3414,2
3415,2
3416,1
3417,2
3418,2
3419,1
3420,1
3421,2
3422,1
3423,1
3424,1
3425,2
3426,1
3427,2
3428,1
3429,1
3430,2
3431,1
3432,1
3433,1
3434,1
3435,1
3436,2
3437,2
3438,1
3439,1
3440,2
3441,2
3442,2
3443,1
3444,1
3445,2
3446,1
3447,2
3448,1
3449,1
3450,1
3451,1
3452,1
3453,1
3454,2
3455,2
3456,1
3457,2
3458,2
3459,2
3460,2
3461,1
3462,2
3463,1
3464,1
3465,2
3466,1
3467,2
3468,1
3469,1
3470,1
3471,1
3472,2
3473,1
3474,1
3475,1
3476,1
3477,1
3478,1
3479,2
3480,2
3481,2
3482,1
3483,2
3484,2
3485,1
3486,1
3487,2
3488,2
3489,2
3490,2
3491,2
3492,1
3493,2
3494,1
3495,2
3496,2
3497,2
3498,2
3499,2
3500,2
3501,1
3502,1
3503,1
3504,1
3505,1
3506,2
3507,2
3508,1
3509,2
3510,1
3511,1
3512,1
3513,1
3514,1
3515,2
3516,1
3517,2
3518,2
3519,1
3520,2
3521,1
3522,1
3523,2
3524,2
3525,1
3526,1
3527,2
3528,1
3529,2
3530,2
3531,2
3532,1
3533,2
3534,2
3535,1
3536,2
3537,2
3538,2
3539,2
3540,2
3541,1
3542,1
3543,2
3544,1
3545,2
3546,1
3547,2
3548,1
3549,2
3550,1
3551,2
3552,1
3553,2
3554,1
3555,2
3556,2
3557,2
3558,2
3559,1
3560,1
3561,2
3562,1
3563,1
3564,2
3565,1
3566,1
3567,1
3568,2
3569,2
3570,1
3571,2
3572,2
3573,2
3574,1
3575,2
3576,1
3577,1
3578,2
3579,2
3580,1
3581,2
3582,2
3583,1
3584,2
3585,1
3586,2
3587,2
3588,2
3589,1
3590,1
3591,2
3592,1
3593,1
3594,2
3595,2
3596,2
3597,1
3598,1
3599,1
3600,1
3601,1
3602,2
3603,2
3604,2
3605,2
3606,2
3607,2
3608,1
3609,1
3610,1
3611,1
3612,1
3613,2
3614,2
3615,2
3616,2
3617,1
3618,2
3619,2
3620,1
3621,1
3622,1
3623,1
3624,2
3625,2
3626,2
3627,2
3628,2
3629,2
3630,1
3631,1
3632,1
3633,1
3634,1
3635,1
3636,1
3637,2
3638,2
3639,2
3640,2
3641,2
3642,2
3643,1
3644,2
3645,1
3646,1
3647,1
3648,1
3649,1
3650,2
3651,1
3652,1
3653,2
3654,2
3655,2
3656,1
3657,1
3658,2
3659,1
3660,2
3661,2
3662,1
3663,1
3664,1
3665,1
3666,2
3667,1
3668,2
3669,1
3670,1
3671,2
3672,1
3673,2
3674,2
3675,1
3676,1
3677,2
3678,1
3679,1
3680,2
3681,1
3682,2
3683,2
3684,1
3685,1
3686,2
3687,1
3688,2
3689,2
3690,1
3691,1
3692,2
3693,2
3694,1
3695,1
3696,1
3697,1
3698,2
3699,2
3700,1
3701,2
3702,2
3703,2
3704,2
3705,1
3706,2
3707,1
3708,2
3709,1
3710,2
3711,1
3712,1
3713,2
3714,2
3715,1
3716,1
3717,2
3718,1
3719,1
3720,2
3721,2
3722,2
3723,1
3724,1
3725,1
3726,2
3727,2
3728,1
3729,2
3730,1
3731,1
3732,2
3733,2
3734,2
3735,1
3736,1
3737,1
3738,2
3739,1
3740,1
3741,1
3742,2
3743,1
3744,1
3745,1
3746,2
3747,1
3748,1
3749,1
3750,2
3751,2
3752,1
3753,1
3754,2
3755,1
3756,2
3757,1
3758,2
3759,2
3760,1
3761,1
3762,2
3763,1
3764,2
3765,1
3766,1
3767,1
3768,2
3769,2
3770,2
3771,2
3772,2
3773,2
3774,1
3775,1
3776,1
3777,1
3778,2
3779,2
3780,2
3781,2
3782,1
3783,1
3784,2
3785,2
3786,1
3787,2
3788,2
3789,1
3790,1
3791,2
3792,2
3793,1
3794,1
3795,1
3796,2
3797,1
3798,2
3799,1
3800,1
3801,1
3802,1
3803,2
3804,2
3805,2
3806,2
3807,1
3808,2
3809,2
3810,1
3811,2
3812,2
3813,1
3814,2
3815,1
3816,2
3817,2
3818,1
3819,2
3820,1
3821,2
3822,1
3823,1
3824,1
3825,1
3826,1
3827,2
3828,1
3829,1
3830,1
3831,1
3832,1
3833,1
3834,1
3835,1
3836,1
3837,1
3838,1
3839,1
3840,1
3841,2
3842,2
3843,2
3844,2
3845,1
3846,2
3847,1
3848,2
3849,1
3850,1
3851,1
3852,1
3853,1
3854,2
3855,1
3856,1
3857,2
3858,1
3859,1
3860,2
3861,1
3862,1
3863,2
3864,2
3865,2
3866,2
3867,2
3868,1
3869,1
3870,2
3871,2
3872,1
3873,1
3874,2
3875,1
3876,2
3877,2
3878,1
3879,1
3880,1
3881,1
3882,1
3883,1
3884,2
3885,1
3886,1
3887,1
3888,1
3889,1
3890,1
3891,2
3892,2
3893,1
3894,1
3895,1
3896,2
3897,2
3898,1
3899,1
3900,1
3901,2
3902,1
3903,2
3904,2
3905,2
3906,2
3907,1
3908,2
3909,1
3910,1
3911,1
3912,2
3913,1
3914,1
3915,2
3916,2
3917,1
3918,2
3919,1
3920,2
3921,1
3922,2
3923,1
3924,2
3925,2
3926,1
3927,2
3928,2
3929,2
3930,1
3931,2
3932,2
3933,1
3934,2
3935,1
3936,2
3937,1
3938,1
3939,1
3940,2
3941,2
3942,1
3943,1
3944,1
3945,1
3946,1
3947,2
3948,1
3949,1
3950,2
3951,1
3952,1
3953,1
3954,2
3955,1
3956,1
3957,1
3958,2
3959,1
3960,1
3961,1
3962,1
3963,1
3964,1
3965,2
3966,1
3967,1
3968,2
3969,1
3970,1
3971,2
3972,1
3973,2
3974,2
3975,1
3976,1
3977,1
3978,2
3979,1
3980,2
3981,1
3982,1
3983,2
3984,2
3985,2
3986,1
3987,2
3988,2
3989,1
3990,2
3991,2
3992,1
3993,1
3994,2
3995,1
3996,1
3997,1
3998,1
3999,2
4000,2
4001,1
4002,1
4003,1
4004,1
4005,1
4006,1
4007,1
4008,2
4009,1
4010,2
4011,2
4012,1
4013,2
4014,1
4015,2
4016,2
4017,2
4018,2
4019,2
4020,2
4021,1
4022,2
4023,1
4024,1
4025,1
4026,1
4027,1
4028,1
4029,1
4030,1
4031,2
4032,2
4033,2
4034,2
4035,1
4036,2
4037,2
4038,2
4039,2
4040,2
4041,2
4042,1
4043,2
4044,2
4045,2
4046,2
4047,1
4048,1
4049,1
4050,1
4051,1
4052,2
4053,2
4054,2
4055,2
4056,1
4057,1
4058,2
4059,1
4060,2
4061,1
4062,1
4063,1
4064,1
4065,1
4066,2
4067,2
4068,1
4069,1
4070,1
4071,1
4072,1
4073,2
4074,2
4075,1
4076,2
4077,1
4078,2
4079,2
4080,2
4081,2
4082,1
4083,1
4084,2
4085,1
4086,2
4087,1
4088,2
4089,1
4090,1
4091,1
4092,1
4093,2
4094,1
4095,1
4096,1
4097,1
4098,2
4099,2
4100,1
4101,1
4102,2
4103,1
4104,2
4105,1
4106,2
4107,2
4108,2
4109,1
4110,1
4111,1
4112,2
4113,1
4114,1
4115,2
4116,2
4117,1
4118,1
4119,2
4120,2
4121,2
4122,1
4123,2
4124,1
4125,2
4126,1
4127,2
4128,2
4129,1
4130,1
4131,2
4132,2
4133,1
4134,2
4135,1
4136,2
4137,1
4138,1
4139,2
4140,2
4141,1
4142,2
4143,1
4144,1
4145,2
4146,1
4147,2
4148,1
4149,2
4150,1
4151,1
4152,2
4153,1
4154,1
4155,1
4156,1
4157,2
4158,2
4159,1
4160,1
4161,1
4162,1
4163,1
4164,2
4165,1
4166,1
4167,2
4168,2
4169,1
4170,2
4171,1
4172,1
4173,2
4174,1
4175,1
4176,2
4177,1
4178,2
4179,2
4180,2
4181,1
4182,1
4183,2
4184,2
4185,1
4186,2
4187,1
4188,2
4189,2
4190,1
4191,2
4192,1
4193,1
4194,1
4195,1
4196,1
4197,2
4198,2
4199,2
4200,2
4201,2
4202,2
4203,2
4204,1
4205,2
4206,1
4207,2
4208,1
4209,1
4210,1
4211,2
4212,1
4213,2
4214,2
4215,1
4216,2
4217,2
4218,2
4219,1
4220,1
4221,1
4222,1
4223,1
4224,1
4225,2
4226,2
4227,1
4228,1
4229,2
4230,1
4231,1
4232,2
4233,1
4234,2
4235,1
4236,1
4237,1
4238,2
4239,1
4240,1
4241,1
4242,1
4243,2
4244,1
4245,1
4246,1
4247,2
4248,1
4249,1
4250,2
4251,1
4252,2
4253,1
4254,2
4255,1
4256,1
4257,1
4258,1
4259,1
4260,1
4261,2
4262,1
4263,2
4264,1
4265,1
4266,1
4267,2
4268,2
4269,1
4270,2
4271,1
4272,1
4273,2
4274,2
4275,1
4276,2
4277,2
4278,2
4279,2
4280,1
4281,1
4282,2
4283,1
4284,2
4285,2
4286,2
4287,1
4288,2
4289,2
4290,1
4291,1
4292,2
4293,1
4294,1
4295,1
4296,1
4297,2
4298,1
4299,2
4300,2
4301,2
4302,2
4303,2
4304,1
4305,2
4306,2
4307,1
4308,2
4309,1
4310,1
4311,1
4312,2
4313,2
4314,1
4315,2
4316,2
4317,1
4318,2
4319,2
4320,1
4321,2
4322,1
4323,2
4324,2
4325,1
4326,1
4327,1
4328,2
4329,2
4330,2
4331,1
4332,2
4333,2
4334,1
4335,2
4336,1
4337,1
4338,2
4339,2
4340,2
4341,2
4342,1
4343,1
4344,1
4345,1
4346,2
4347,1
4348,2
4349,2
4350,1
4351,2
4352,1
4353,2
4354,2
4355,2
4356,2
4357,2
4358,2
4359,1
4360,2
4361,2
4362,1
4363,1
4364,2
4365,1
4366,1
4367,1
4368,2
4369,1
4370,2
4371,2
4372,2
4373,2
4374,1
4375,1
4376,1
4377,2
4378,1
4379,2
4380,2
4381,1
4382,2
4383,2
4384,1
4385,1
4386,1
4387,2
4388,2
4389,1
4390,1
4391,2
4392,1
4393,2
4394,2
4395,1
4396,1
4397,2
4398,2
4399,2
4400,1
4401,2
4402,2
4403,1
4404,1
4405,1
4406,2
4407,2
4408,1
4409,2
4410,1
4411,2
4412,1
4413,1
4414,2
4415,2
4416,2
4417,1
4418,1
4419,2
4420,1
4421,2
4422,2
4423,2
4424,1
4425,1
4426,1
4427,2
4428,2
4429,2
4430,2
4431,2
4432,1
4433,2
4434,2
4435,2
4436,2
4437,2
4438,1
4439,1
4440,1
4441,2
4442,2
4443,2
4444,1
4445,1
4446,1
4447,1
4448,1
4449,1
4450,1
4451,2
4452,1
4453,1
4454,2
4455,2
4456,2
4457,1
4458,1
4459,1
4460,2
4461,1
4462,2
4463,1
4464,1
4465,2
4466,1
4467,1
4468,2
4469,2
4470,2
4471,1
4472,2
4473,2
4474,1
4475,2
4476,1
4477,1
4478,2
4479,1
4480,1
4481,1
4482,2
4483,1
4484,2
4485,2
4486,2
4487,2
4488,1
4489,1
4490,1
4491,1
4492,2
4493,2
4494,1
4495,1
4496,2
4497,1
4498,1
4499,2
4500,1
4501,2
4502,2
4503,1
4504,1
4505,2
4506,2
4507,1
4508,2
4509,1
4510,2
4511,2
4512,1
4513,1
4514,1
4515,2
4516,2
4517,2
4518,1
4519,1
4520,1
4521,2
4522,2
4523,1
4524,2
4525,1
4526,2
4527,1
4528,1
4529,1
4530,2
4531,1
4532,2
4533,1
4534,1
4535,1
4536,2
4537,2
4538,2
4539,2
4540,1
4541,1
4542,2
4543,1
4544,1
4545,2
4546,2
4547,2
4548,2
4549,2
4550,1
4551,1
4552,2
4553,1
4554,1
4555,2
4556,1
4557,1
4558,1
4559,2
4560,2
4561,1
4562,2
4563,1
4564,1
4565,1
4566,1
4567,2
4568,1
4569,2
4570,2
4571,2
4572,1
4573,2
4574,1
4575,1
4576,2
4577,1
4578,1
4579,1
4580,1
4581,2
4582,2
4583,2
4584,1
4585,1
4586,1
4587,1
4588,2
4589,1
4590,1
4591,1
4592,1
4593,1
4594,1
4595,1
4596,1
4597,2
4598,2
4599,2
4600,2
4601,1
4602,2
4603,1
4604,2
4605,2
4606,1
4607,2
4608,2
4609,2
4610,1
4611,1
4612,1
4613,1
4614,2
4615,2
4616,1
4617,2
4618,2
4619,2
4620,1
4621,1
4622,1
4623,1
4624,1
4625,1
4626,1
4627,1
4628,1
4629,1
4630,1
4631,1
4632,2
4633,1
4634,1
4635,1
4636,2
4637,2
4638,2
4639,1
4640,1
4641,1
4642,2
4643,1
4644,2
4645,1
4646,1
4647,2
4648,2
4649,1
4650,1
4651,2
4652,1
4653,1
4654,2
4655,2
4656,1
4657,1
4658,2
4659,1
4660,2
4661,1
4662,2
4663,2
4664,2
4665,1
4666,2
4667,2
4668,1
4669,2
4670,1
4671,1
4672,1
4673,2
4674,1
4675,2
4676,1
4677,2
4678,2
4679,1
4680,1
4681,2
4682,2
4683,1
4684,2
4685,2
4686,1
4687,1
4688,1
4689,1
4690,1
4691,1
4692,1
4693,2
4694,1
4695,2
4696,2
4697,1
4698,2
4699,1
4700,2
4701,2
4702,1
4703,2
4704,1
4705,2
4706,1
4707,1
4708,2
4709,1
4710,1
4711,1
4712,2
4713,2
4714,1
4715,1
4716,1
4717,2
4718,1
4719,2
4720,1
4721,1
4722,1
4723,1
4724,1
4725,2
4726,1
4727,1
4728,1
4729,2
4730,2
4731,1
4732,1
4733,1
4734,2
4735,1
4736,1
4737,2
4738,2
4739,2
4740,1
4741,2
4742,1
4743,1
4744,1
4745,2
4746,1
4747,2
4748,2
4749,2
4750,2
4751,2
4752,2
4753,1
4754,2
4755,1
4756,1
4757,2
4758,1
4759,2
4760,1
4761,2
4762,2
4763,2
4764,1
4765,1
4766,2
4767,1
4768,1
4769,1
4770,1
4771,1
4772,2
4773,1
4774,2
4775,2
4776,1
4777,1
4778,2
4779,1
4780,1
4781,1
4782,1
4783,1
4784,2
4785,2
4786,1
4787,2
4788,1
4789,2
4790,1
4791,1
4792,1
4793,2
4794,1
4795,2
4796,1
4797,2
4798,1
4799,2
4800,2
4801,1
4802,1
4803,1
4804,1
4805,2
4806,1
4807,2
4808,1
4809,1
4810,2
4811,2
4812,1
4813,1
4814,2
4815,1
4816,2
4817,2
4818,2
4819,1
4820,2
4821,1
4822,2
4823,1
4824,2
4825,2
4826,1
4827,2
4828,1
4829,2
4830,2
4831,1
4832,1
4833,2
4834,1
4835,1
4836,2
4837,2
4838,1
4839,1
4840,2
4841,2
4842,2
4843,1
4844,1
4845,1
4846,1
4847,2
4848,1
4849,2
4850,1
4851,1
4852,2
4853,1
4854,1
4855,1
4856,2
4857,2
4858,2
4859,1
4860,2
4861,2
4862,2
4863,1
4864,1
4865,1
4866,2
4867,1
4868,2
4869,2
4870,1
4871,2
4872,2
4873,1
4874,1
4875,2
4876,1
4877,1
4878,2
4879,1
4880,1
4881,1
4882,2
4883,2
4884,2
4885,1
4886,1
4887,2
4888,2
4889,1
4890,1
4891,1
4892,1
4893,2
4894,1
4895,1
4896,2
4897,1
4898,1
4899,1
4900,1
4901,2
4902,1
4903,1
4904,1
4905,1
4906,1
4907,2
4908,2
4909,1
4910,2
4911,2
4912,2
4913,2
4914,1
4915,2
4916,2
4917,2
4918,2
4919,2
4920,1
4921,2
4922,2
4923,2
4924,1
4925,1
4926,2
4927,2
4928,2
4929,2
4930,1
4931,1
4932,1
4933,2
4934,2
4935,1
4936,2
4937,1
4938,1
4939,2
4940,1
4941,1
4942,1
4943,1
4944,1
4945,2
4946,2
4947,1
4948,1
4949,1
4950,2
4951,2
4952,1
4953,1
4954,1
4955,1
4956,2
4957,1
4958,1
4959,1
4960,1
4961,2
4962,1
4963,1
4964,1
4965,1
4966,2
4967,1
4968,1
4969,1
4970,1
4971,2
4972,2
4973,2
4974,2
4975,1
4976,2
4977,1
4978,1
4979,1
4980,1
4981,2
4982,2
4983,2
4984,2
4985,2
4986,2
4987,2
4988,2
4989,2
4990,2
4991,1
4992,1
4993,1
4994,2
4995,1
4996,2
4997,2
4998,2
4999,1
5000,2
5001,2
5002,2
5003,2
5004,2
5005,1
5006,2
5007,1
5008,1
5009,2
5010,1
5011,1
5012,1
5013,2
5014,2
5015,1
5016,1
5017,1
5018,2
5019,1
5020,1
5021,2
5022,1
5023,1
5024,2
5025,1
5026,1
5027,2
5028,1
5029,1
5030,1
5031,1
5032,2
5033,2
5034,1
5035,2
5036,1
5037,1
5038,1
5039,1
5040,1
5041,2
5042,1
5043,1
5044,1
5045,1
5046,1
5047,2
5048,2
5049,2
5050,1
5051,1
5052,2
5053,2
5054,2
5055,2
5056,2
5057,2
5058,1
5059,1
5060,2
5061,1
5062,2
5063,2
5064,2
5065,1
5066,1
5067,1
5068,1
5069,2
5070,2
5071,2
5072,1
5073,2
5074,1
5075,1
5076,1
5077,2
5078,1
5079,1
5080,2
5081,2
5082,1
5083,1
5084,1
5085,2
5086,2
5087,2
5088,1
5089,1
5090,1
5091,2
5092,2
5093,1
5094,1
5095,2
5096,2
5097,1
5098,2
5099,1
5100,2
5101,2
5102,1
5103,2
5104,1
5105,2
5106,2
5107,2
5108,2
5109,2
5110,2
5111,2
5112,1
5113,1
5114,2
5115,2
5116,1
5117,2
5118,2
5119,2
5120,1
5121,2
5122,2
5123,2
5124,2
5125,1
5126,1
5127,1
5128,1
5129,1
5130,1
5131,1
5132,1
5133,2
5134,2
5135,2
5136,1
5137,1
5138,1
5139,2
5140,1
5141,2
5142,1
5143,1
5144,2
5145,2
5146,2
5147,1
5148,1
5149,2
5150,2
5151,2
5152,2
5153,1
5154,1
5155,1
5156,2
5157,1
5158,1
5159,1
5160,1
5161,1
5162,1
5163,2
5164,2
5165,2
5166,1
5167,1
5168,2
5169,1
5170,2
5171,1
5172,1
5173,2
5174,2
5175,2
5176,1
5177,2
5178,1
5179,1
5180,2
5181,1
5182,2
5183,1
5184,2
5185,2
5186,2
5187,2
5188,1
5189,2
5190,1
5191,1
5192,1
5193,1
5194,2
5195,2
5196,2
5197,1
5198,1
5199,1
5200,2
5201,2
5202,2
5203,2
5204,1
5205,2
5206,1
5207,2
5208,1
5209,2
5210,2
5211,1
5212,2
5213,2
5214,2
5215,2
5216,2
5217,1
5218,1
5219,2
5220,2
5221,1
5222,1
5223,2
5224,1
5225,2
5226,1
5227,2
5228,1
5229,1
5230,2
5231,2
5232,1
5233,1
5234,1
5235,1
5236,2
5237,2
5238,2
5239,2
5240,2
5241,2
5242,2
5243,1
5244,1
5245,2
5246,2
5247,1
5248,1
5249,1
5250,1
5251,1
5252,2
5253,2
5254,1
5255,1
5256,2
5257,2
5258,2
5259,1
5260,1
5261,1
5262,1
5263,1
5264,2
5265,2
5266,2
5267,2
5268,1
5269,1
5270,2
5271,1
5272,1
5273,1
5274,1
5275,1
5276,1
5277,1
5278,2
5279,1
5280,1
5281,2
5282,2
5283,1
5284,2
5285,2
5286,1
5287,1
5288,1
5289,1
5290,1
5291,2
5292,1
5293,1
5294,1
5295,1
5296,1
5297,1
5298,1
5299,1
5300,2
5301,1
5302,1
5303,2
5304,2
5305,1
5306,2
5307,2
5308,1
5309,1
5310,2
5311,1
5312,2
5313,1
5314,1
5315,1
5316,2
5317,1
5318,2
5319,1
5320,2
5321,1
5322,2
5323,2
5324,2
5325,1
5326,1
5327,1
5328,2
5329,2
5330,2
5331,1
5332,2
5333,1
5334,2
5335,1
5336,1
5337,1
5338,2
5339,1
5340,1
5341,2
5342,2
5343,2
5344,2
5345,1
5346,1
5347,2
5348,2
5349,1
5350,1
5351,1
5352,2
5353,1
5354,2
5355,1
5356,2
5357,2
5358,1
5359,1
5360,1
5361,1
5362,2
5363,2
5364,2
5365,1
5366,2
5367,2
5368,1
5369,2
5370,2
5371,1
5372,2
5373,2
5374,2
5375,2
5376,1
5377,1
5378,1
5379,1
5380,1
5381,1
5382,2
5383,2
5384,2
5385,1
5386,1
5387,1
5388,2
5389,2
5390,2
5391,2
5392,2
5393,1
5394,1
5395,2
5396,2
5397,1
5398,2
5399,1
5400,1
5401,2
5402,2
5403,1
5404,1
5405,1
5406,1
5407,2
5408,1
5409,2
5410,1
5411,2
5412,1
5413,2
5414,2
5415,2
5416,2
5417,1
5418,2
5419,2
5420,2
5421,2
5422,2
5423,1
5424,1
5425,2
5426,2
5427,2
5428,2
5429,1
5430,1
5431,2
5432,2
5433,1
5434,1
5435,2
5436,2
5437,2
5438,1
5439,1
5440,2
5441,1
5442,1
5443,1
5444,2
5445,1
5446,2
5447,2
5448,1
5449,1
5450,1
5451,2
5452,2
5453,1
5454,1
5455,1
5456,2
5457,1
5458,2
5459,1
5460,1
5461,1
5462,2
5463,2
5464,1
5465,1
5466,1
5467,1
5468,2
5469,2
5470,1
5471,1
5472,2
5473,1
5474,2
5475,1
5476,1
5477,2
5478,2
5479,2
5480,1
5481,2
5482,1
5483,2
5484,2
5485,1
5486,1
5487,1
5488,1
5489,2
5490,2
5491,1
5492,2
5493,1
5494,2
5495,1
5496,2
5497,1
5498,1
5499,2
5500,1
5501,1
5502,1
5503,2
5504,2
5505,1
5506,1
5507,1
5508,1
5509,2
5510,2
5511,1
5512,2
5513,2
5514,1
5515,1
5516,2
5517,2
5518,2
5519,1
5520,1
5521,1
5522,1
5523,1
5524,1
5525,2
5526,1
5527,1
5528,2
5529,2
5530,2
5531,1
5532,1
5533,2
5534,2
5535,1
5536,2
5537,2
5538,1
5539,2
5540,1
5541,2
5542,1
5543,2
5544,1
5545,2
5546,2
5547,1
5548,1
5549,1
5550,1
5551,2
5552,2
5553,1
5554,1
5555,1
5556,2
5557,2
5558,1
5559,2
5560,1
5561,2
5562,1
5563,2
5564,2
5565,2
5566,1
5567,1
5568,1
5569,2
5570,1
5571,2
5572,2
5573,2
5574,2
5575,2
5576,1
5577,2
5578,1
5579,1
5580,1
5581,1
5582,2
5583,2
5584,2
5585,2
5586,1
5587,1
5588,1
5589,2
5590,2
5591,1
5592,1
5593,1
5594,2
5595,2
5596,1
5597,2
5598,1
5599,1
5600,2
5601,1
5602,2
5603,1
5604,2
5605,2
5606,2
5607,2
5608,1
5609,1
5610,2
5611,2
5612,2
5613,1
5614,2
5615,1
5616,1
5617,1
5618,2
5619,1
5620,2
5621,1
5622,2
5623,2
5624,2
5625,2
5626,2
5627,2
5628,1
5629,2
5630,1
5631,2
5632,1
5633,1
5634,2
5635,2
5636,2
5637,2
5638,1
5639,2
5640,2
5641,1
5642,2
5643,1
5644,1
5645,2
5646,2
5647,2
5648,2
5649,2
5650,2
5651,2
5652,1
5653,2
5654,1
5655,2
5656,1
5657,2
5658,2
5659,1
5660,2
5661,2
5662,1
5663,2
5664,1
5665,1
5666,2
5667,2
5668,2
5669,2
5670,1
5671,2
5672,1
5673,2
5674,1
5675,1
5676,1
5677,1
5678,2
5679,2
5680,2
5681,2
5682,1
5683,1
5684,2
5685,2
5686,2
5687,2
5688,1
5689,1
5690,1
5691,1
5692,1
5693,1
5694,2
5695,2
5696,2
5697,1
5698,1
5699,2
5700,1
5701,2
5702,1
5703,2
5704,2
5705,1
5706,2
5707,1
5708,1
5709,1
5710,1
5711,1
5712,2
5713,2
5714,1
5715,2
5716,1
5717,2
5718,1
5719,2
5720,2
5721,1
5722,2
5723,1
5724,2
5725,1
5726,2
5727,2
5728,1
5729,2
5730,2
5731,1
5732,1
5733,1
5734,1
5735,1
5736,1
5737,1
5738,1
5739,2
5740,2
5741,2
5742,1
5743,1
5744,2
5745,1
5746,2
5747,1
5748,1
5749,2
5750,1
5751,2
5752,1
5753,2
5754,2
5755,2
5756,2
5757,1
5758,1
5759,1
5760,1
5761,1
5762,2
5763,1
5764,1
5765,2
5766,1
5767,2
5768,2
5769,2
5770,1
5771,2
5772,1
5773,2
5774,1
5775,1
5776,1
5777,2
5778,2
5779,1
5780,2
5781,2
5782,1
5783,1
5784,2
5785,2
5786,2
5787,2
5788,2
5789,1
5790,2
5791,2
5792,1
5793,2
5794,2
5795,2
5796,1
5797,1
5798,2
5799,2
5800,2
5801,2
5802,2
5803,1
5804,2
5805,1
5806,1
5807,1
5808,1
5809,2
5810,1
5811,2
5812,1
5813,2
5814,1
5815,1
5816,2
5817,2
5818,2
5819,2
5820,2
5821,2
5822,1
5823,2
5824,1
5825,1
5826,1
5827,1
5828,2
5829,2
5830,2
5831,1
5832,2
5833,2
5834,1
5835,2
5836,1
5837,2
5838,1
5839,1
5840,2
5841,2
5842,1
5843,1
5844,2
5845,2
5846,1
5847,1
5848,2
5849,2
5850,1
5851,2
5852,2
5853,1
5854,1
5855,2
5856,1
5857,1
5858,2
5859,2
5860,2
5861,1
5862,2
5863,1
5864,1
5865,2
5866,2
5867,1
5868,1
5869,1
5870,1
5871,1
5872,2
5873,2
5874,1
5875,1
5876,2
5877,1
5878,1
5879,2
5880,1
5881,1
5882,2
5883,1
5884,2
5885,1
5886,2
5887,2
5888,2
5889,1
5890,1
5891,1
5892,2
5893,1
5894,2
5895,1
5896,1
5897,2
5898,1
5899,2
5900,1
5901,1
5902,2
5903,2
5904,1
5905,1
5906,2
5907,2
5908,1
5909,2
5910,2
5911,1
5912,2
5913,2
5914,1
5915,2
5916,1
5917,1
5918,2
5919,1
5920,1
5921,1
5922,2
5923,2
5924,2
5925,1
5926,1
5927,2
5928,1
5929,1
5930,1
5931,1
5932,1
5933,2
5934,2
5935,2
5936,1
5937,1
5938,2
5939,2
5940,1
5941,2
5942,1
5943,2
5944,2
5945,1
5946,2
5947,1
5948,2
5949,2
5950,2
5951,1
5952,2
5953,1
5954,2
5955,2
5956,2
5957,2
5958,1
5959,2
5960,1
5961,1
5962,1
5963,1
5964,2
5965,1
5966,2
5967,1
5968,2
5969,1
5970,2
5971,1
5972,2
5973,2
5974,1
5975,2
5976,1
5977,2
5978,1
5979,2
5980,1
5981,2
5982,2
5983,1
5984,1
5985,2
5986,2
5987,1
5988,1
5989,2
5990,1
5991,2
5992,2
5993,1
5994,2
5995,2
5996,2
5997,2
5998,2
5999,1
6000,1
6001,2
6002,2
6003,1
6004,1
6005,2
6006,1
6007,1
6008,2
6009,2
6010,1
6011,2
6012,2
6013,1
6014,1
6015,2
6016,1
6017,1
6018,2
6019,1
6020,2
6021,2
6022,1
6023,1
6024,1
6025,1
6026,2
6027,2
6028,1
6029,2
6030,2
6031,2
6032,2
6033,1
6034,1
6035,1
6036,2
6037,2
6038,2
6039,2
6040,2
6041,2
6042,1
6043,1
6044,2
6045,1
6046,1
6047,2
6048,2
6049,1
6050,2
6051,2
6052,2
6053,2
6054,1
6055,2
6056,2
6057,1
6058,2
6059,2
6060,1
6061,2
6062,2
6063,2
6064,2
6065,1
6066,1
6067,2
6068,2
6069,1
6070,2
6071,1
6072,2
6073,2
6074,2
6075,1
6076,1
6077,2
6078,2
6079,1
6080,1
6081,1
6082,2
6083,1
6084,2
6085,1
6086,2
6087,2
6088,1
6089,2
6090,1
6091,1
6092,2
6093,1
6094,1
6095,2
6096,1
6097,2
6098,1
6099,1
6100,2
6101,1
6102,2
6103,2
6104,2
6105,2
6106,1
6107,1
6108,1
6109,1
6110,2
6111,1
6112,1
6113,1
6114,2
6115,2
6116,2
6117,1
6118,2
6119,1
6120,1
6121,2
6122,1
6123,2
6124,1
6125,2
6126,1
6127,1
6128,1
6129,2
6130,1
6131,2
6132,2
6133,2
6134,2
6135,1
6136,2
6137,2
6138,1
6139,1
6140,1
6141,1
6142,2
6143,1
6144,2
6145,1
6146,1
6147,1
6148,1
6149,2
6150,1
6151,2
6152,1
6153,2
6154,1
6155,1
6156,1
6157,2
6158,2
6159,1
6160,2
6161,2
6162,1
6163,1
6164,2
6165,1
6166,1
6167,1
6168,1
6169,1
6170,1
6171,1
6172,2
6173,2
6174,2
6175,2
6176,1
6177,1
6178,1
6179,1
6180,1
6181,2
6182,2
6183,1
6184,2
6185,1
6186,1
6187,1
6188,1
6189,2
6190,1
6191,2
6192,2
6193,1
6194,1
6195,1
6196,1
6197,1
6198,2
6199,2
6200,2
6201,1
6202,2
6203,2
6204,1
6205,2
6206,2
6207,2
6208,2
6209,2
6210,2
6211,1
6212,2
6213,1
6214,1
6215,1
6216,1
6217,1
6218,1
6219,2
6220,1
6221,1
6222,1
6223,2
6224,1
6225,2
6226,2
6227,2
6228,2
6229,1
6230,1
6231,1
6232,1
6233,1
6234,2
6235,1
6236,1
6237,2
6238,1
6239,1
6240,2
6241,2
6242,1
6243,2
6244,2
6245,1
6246,1
6247,2
6248,1
6249,1
6250,2
6251,1
6252,1
6253,2
6254,2
6255,1
6256,2
6257,2
6258,1
6259,2
6260,2
6261,2
6262,1
6263,2
6264,1
6265,1
6266,2
6267,1
6268,1
6269,1
6270,1
6271,2
6272,1
6273,1
6274,1
6275,2
6276,1
6277,2
6278,1
6279,1
6280,1
6281,1
6282,2
6283,2
6284,2
6285,1
6286,1
6287,1
6288,1
6289,2
6290,2
6291,2
6292,2
6293,2
6294,1
6295,2
6296,2
6297,1
6298,2
6299,1
6300,1
6301,2
6302,1
6303,1
6304,2
6305,1
6306,1
6307,1
6308,1
6309,1
6310,2
6311,2
6312,2
6313,2
6314,1
6315,1
6316,2
6317,2
6318,2
6319,1
6320,1
6321,1
6322,1
6323,1
6324,1
6325,1
6326,1
6327,2
6328,1
6329,1
6330,2
6331,1
6332,2
6333,2
6334,2
6335,2
6336,1
6337,1
6338,1
6339,1
6340,2
6341,1
6342,1
6343,1
6344,2
6345,2
6346,1
6347,1
6348,1
6349,2
6350,1
6351,2
6352,2
6353,2
6354,2
6355,2
6356,1
6357,1
6358,2
6359,1
6360,2
6361,1
6362,2
6363,1
6364,1
6365,1
6366,2
6367,1
6368,1
6369,1
6370,1
6371,2
6372,1
6373,1
6374,1
6375,2
6376,1
6377,2
6378,2
6379,2
6380,1
6381,2
6382,2
6383,1
6384,1
6385,1
6386,1
6387,2
6388,1
6389,2
6390,2
6391,1
6392,1
6393,1
6394,1
6395,2
6396,2
6397,1
6398,2
6399,2
6400,2
6401,2
6402,2
6403,2
6404,2
6405,2
6406,1
6407,1
6408,1
6409,2
6410,1
6411,1
6412,1
6413,2
6414,1
6415,2
6416,2
6417,1
6418,1
6419,1
6420,2
6421,1
6422,2
6423,2
6424,1
6425,1
6426,1
6427,1
6428,2
6429,2
6430,2
6431,1
6432,2
6433,1
6434,2
6435,1
6436,2
6437,2
6438,1
6439,2
6440,1
6441,1
6442,2
6443,1
6444,2
6445,2
6446,1
6447,1
6448,2
6449,2
6450,1
6451,1
6452,2
6453,1
6454,1
6455,1
6456,1
6457,2
6458,2
6459,2
6460,1
6461,1
6462,2
6463,1
6464,1
6465,2
6466,1
6467,1
6468,1
6469,2
6470,2
6471,2
6472,1
6473,1
6474,1
6475,1
6476,2
6477,2
6478,2
6479,1
6480,1
6481,2
6482,2
6483,2
6484,1
6485,2
6486,1
6487,2
6488,1
6489,1
6490,1
6491,2
6492,2
6493,2
6494,2
6495,2
6496,2
6497,2
6498,2
6499,1
6500,2
6501,2
6502,1
6503,1
6504,1
6505,2
6506,2
6507,2
6508,1
6509,1
6510,2
6511,1
6512,2
6513,2
6514,1
6515,1
6516,2
6517,2
6518,2
6519,1
6520,1
6521,2
6522,1
6523,2
6524,2
6525,2
6526,2
6527,2
6528,1
6529,2
6530,2
6531,1
6532,1
6533,1
6534,1
6535,1
6536,1
6537,2
6538,1
6539,2
6540,2
6541,1
6542,2
6543,2
6544,1
6545,1
6546,1
6547,1
6548,1
6549,1
6550,1
6551,1
6552,2
6553,2
6554,1
6555,2
6556,1
6557,2
6558,2
6559,1
6560,1
6561,1
6562,2
6563,1
6564,1
6565,1
6566,1
6567,2
6568,1
6569,2
6570,1
6571,2
6572,2
6573,2
6574,1
6575,1
6576,1
6577,2
6578,2
6579,1
6580,1
6581,2
6582,2
6583,2
6584,1
6585,2
6586,1
6587,2
6588,2
6589,1
6590,1
6591,1
6592,2
6593,2
6594,1
6595,2
6596,2
6597,2
6598,1
6599,2
6600,2
6601,1
6602,2
6603,1
6604,2
6605,1
6606,1
6607,2
6608,2
6609,1
6610,1
6611,1
6612,2
6613,1
6614,1
6615,1
6616,2
6617,2
6618,1
6619,2
6620,1
6621,1
6622,2
6623,2
6624,2
6625,1
6626,2
6627,1
6628,2
6629,2
6630,2
6631,2
6632,1
6633,1
6634,1
6635,1
6636,2
6637,2
6638,1
6639,2
6640,1
6641,2
6642,2
6643,1
6644,1
6645,2
6646,1
6647,1
6648,2
6649,1
6650,1
6651,2
6652,1
6653,1
6654,2
6655,2
6656,2
6657,1
6658,1
6659,1
6660,2
6661,2
6662,2
6663,2
6664,2
6665,1
6666,2
6667,1
6668,2
6669,1
6670,1
6671,1
6672,1
6673,1
6674,2
6675,1
6676,2
6677,2
6678,2
6679,1
6680,1
6681,1
6682,1
6683,2
6684,1
6685,1
6686,2
6687,2
6688,1
6689,2
6690,1
6691,1
6692,1
6693,1
6694,1
6695,1
6696,2
6697,2
6698,1
6699,1
6700,2
6701,1
6702,1
6703,1
6704,2
6705,2
6706,2
6707,1
6708,1
6709,2
6710,1
6711,2
6712,1
6713,1
6714,1
6715,1
6716,2
6717,1
6718,1
6719,2
6720,2
6721,2
6722,1
6723,2
6724,1
6725,1
6726,2
6727,2
6728,1
6729,2
6730,2
6731,1
6732,1
6733,1
6734,1
6735,1
6736,1
6737,1
6738,2
6739,2
6740,1
6741,1
6742,1
6743,2
6744,1
6745,2
6746,2
6747,2
6748,1
6749,2
6750,2
6751,1
6752,1
6753,2
6754,1
6755,2
6756,1
6757,2
6758,1
6759,1
6760,2
6761,2
6762,1
6763,2
6764,1
6765,2
6766,2
6767,2
6768,1
6769,1
6770,2
6771,2
6772,1
6773,2
6774,1
6775,2
6776,1
6777,1
6778,1
6779,2
6780,2
6781,1
6782,1
6783,2
6784,2
6785,1
6786,1
6787,2
6788,2
6789,1
6790,2
6791,2
6792,1
6793,2
6794,1
6795,2
6796,2
6797,1
6798,2
6799,1
6800,2
6801,1
6802,2
6803,2
6804,1
6805,2
6806,2
6807,2
6808,2
6809,2
6810,1
6811,2
6812,1
6813,2
6814,2
6815,1
6816,2
6817,2
6818,2
6819,2
6820,1
6821,1
6822,1
6823,1
6824,2
6825,1
6826,2
6827,1
6828,2
6829,2
6830,2
6831,2
6832,1
6833,1
6834,2
6835,2
6836,1
6837,2
6838,1
6839,2
6840,1
6841,2
6842,2
6843,1
6844,1
6845,1
6846,1
6847,1
6848,1
6849,1
6850,1
6851,1
6852,2
6853,2
6854,2
6855,1
6856,1
6857,2
6858,1
6859,2
6860,1
6861,2
6862,1
6863,2
6864,1
6865,2
6866,2
6867,1
6868,1
6869,1
6870,2
6871,1
6872,1
6873,1
6874,2
6875,1
6876,1
6877,2
6878,2
6879,1
6880,1
6881,2
6882,1
6883,1
6884,2
6885,2
6886,1
6887,1
6888,1
6889,2
6890,1
6891,2
6892,1
6893,1
6894,2
6895,2
6896,1
6897,2
6898,2
6899,2
6900,1
6901,2
6902,2
6903,2
6904,1
6905,2
6906,2
6907,2
6908,1
6909,1
6910,2
6911,2
6912,2
6913,2
6914,1
6915,2
6916,2
6917,2
6918,2
6919,1
6920,2
6921,1
6922,2
6923,2
6924,1
6925,1
6926,2
6927,2
6928,2
6929,2
6930,1
6931,2
6932,1
6933,2
6934,2
6935,2
6936,1
6937,2
6938,1
6939,1
6940,1
6941,2
6942,2
6943,2
6944,2
6945,1
6946,2
6947,2
6948,1
6949,2
6950,1
6951,1
6952,1
6953,2
6954,2
6955,1
6956,1
6957,1
6958,2
6959,1
6960,1
6961,2
6962,1
6963,1
6964,1
6965,1
6966,2
6967,1
6968,2
6969,2
6970,2
6971,2
6972,2
6973,1
6974,2
6975,2
6976,2
6977,1
6978,1
6979,1
6980,2
6981,2
6982,1
6983,2
6984,1
6985,1
6986,1
6987,1
6988,1
6989,2
6990,2
6991,1
6992,2
6993,2
6994,2
6995,2
6996,2
6997,1
6998,2
6999,2
7000,1
7001,1
7002,1
7003,1
7004,2
7005,1
7006,2
7007,1
7008,2
7009,1
7010,2
7011,2
7012,1
7013,2
7014,2
7015,2
7016,1
7017,2
7018,1
7019,2
7020,2
7021,2
7022,1
7023,1
7024,2
7025,2
7026,1
7027,2
7028,2
7029,2
7030,1
7031,2
7032,1
7033,1
7034,1
7035,2
7036,1
7037,2
7038,2
7039,1
7040,2
7041,1
7042,1
7043,2
7044,2
7045,2
7046,1
7047,2
7048,2
7049,1
7050,2
7051,1
7052,1
7053,1
7054,1
7055,2
7056,1
7057,2
7058,1
7059,1
7060,2
7061,1
7062,1
7063,1
7064,1
7065,1
7066,1
7067,1
7068,2
7069,2
7070,1
7071,1
7072,2
7073,2
7074,1
7075,2
7076,1
7077,1
7078,1
7079,1
7080,1
7081,2
7082,2
7083,1
7084,1
7085,1
7086,2
7087,2
7088,2
7089,1
7090,2
7091,1
7092,2
7093,2
7094,1
7095,2
7096,1
7097,2
7098,2
7099,1
7100,1
7101,1
7102,1
7103,1
7104,2
7105,2
7106,1
7107,1
7108,2
7109,1
7110,1
7111,2
7112,2
7113,1
7114,1
7115,1
7116,1
7117,1
7118,1
7119,2
7120,2
7121,1
7122,2
7123,1
7124,2
7125,1
7126,2
7127,1
7128,1
7129,2
7130,1
7131,2
7132,2
7133,1
7134,1
7135,2
7136,1
7137,1
7138,2
7139,2
7140,2
7141,1
7142,2
7143,2
7144,1
7145,1
7146,1
7147,1
7148,1
7149,2
7150,2
7151,2
7152,1
7153,2
7154,1
7155,1
7156,1
7157,1
7158,2
7159,2
7160,2
7161,2
7162,2
7163,1
7164,2
7165,1
7166,2
7167,1
7168,2
7169,1
7170,1
7171,2
7172,2
7173,1
7174,1
7175,1
7176,2
7177,2
7178,1
7179,1
7180,2
7181,2
7182,1
7183,1
7184,1
7185,1
7186,2
7187,2
7188,2
7189,2
7190,1
7191,1
7192,1
7193,2
7194,2
7195,1
7196,1
7197,2
7198,1
7199,1
7200,1
7201,1
7202,2
7203,1
7204,2
7205,2
7206,2
7207,1
7208,2
7209,2
7210,1
7211,1
7212,1
7213,1
7214,2
7215,2
7216,1
7217,2
7218,2
7219,1
7220,2
7221,2
7222,1
7223,2
7224,1
7225,2
7226,1
7227,1
7228,1
7229,2
7230,2
7231,1
7232,2
7233,2
7234,1
7235,2
7236,1
7237,1
7238,1
7239,1
7240,2
7241,1
7242,2
7243,1
7244,2
7245,2
7246,1
7247,2
7248,1
7249,2
7250,1
7251,1
7252,1
7253,1
7254,1
7255,2
7256,1
7257,2
7258,1
7259,1
7260,1
7261,1
7262,1
7263,1
7264,2
7265,1
7266,2
7267,1
7268,2
7269,1
7270,1
7271,2
7272,2
7273,1
7274,2
7275,1
7276,1
7277,2
7278,1
7279,1
7280,1
7281,1
7282,1
7283,1
7284,2
7285,2
7286,2
7287,2
7288,2
7289,1
7290,1
7291,1
7292,2
7293,2
7294,2
7295,1
7296,1
7297,2
7298,1
7299,2
7300,1
7301,1
7302,1
7303,1
7304,2
7305,2
7306,1
7307,1
7308,1
7309,1
7310,2
7311,2
7312,2
7313,1
7314,1
7315,1
7316,2
7317,2
7318,1
7319,2
7320,2
7321,1
7322,2
7323,1
7324,1
7325,1
7326,2
7327,1
7328,1
7329,1
7330,2
7331,2
7332,2
7333,2
7334,2
7335,1
7336,2
7337,2
7338,1
7339,1
7340,2
7341,1
7342,1
7343,1
7344,1
7345,1
7346,1
7347,1
7348,1
7349,1
7350,2
7351,1
7352,2
7353,2
7354,2
7355,2
7356,1
7357,2
7358,2
7359,2
7360,1
7361,1
7362,2
7363,1
7364,2
7365,2
7366,1
7367,2
7368,2
7369,1
7370,2
7371,2
7372,2
7373,1
7374,1
7375,1
7376,2
7377,2
7378,1
7379,2
7380,2
7381,1
7382,2
7383,2
7384,1
7385,1
7386,1
7387,2
7388,2
7389,2
7390,2
7391,2
7392,2
7393,2
7394,1
7395,1
7396,1
7397,2
7398,1
7399,2
7400,2
7401,1
7402,1
7403,1
7404,1
7405,1
7406,1
7407,2
7408,1
7409,1
7410,2
7411,1
7412,2
7413,1
7414,2
7415,1
7416,1
7417,2
7418,1
7419,2
7420,2
7421,1
7422,1
7423,2
7424,2
7425,1
7426,1
7427,2
7428,2
7429,1
7430,2
7431,1
7432,1
7433,1
7434,2
7435,1
7436,2
7437,2
7438,1
7439,1
7440,2
7441,1
7442,1
7443,2
7444,1
7445,1
7446,1
7447,2
7448,2
7449,2
7450,1
7451,2
7452,1
7453,2
7454,1
7455,1
7456,2
7457,1
7458,1
7459,2
7460,2
7461,1
7462,2
7463,1
7464,2
7465,1
7466,2
7467,2
7468,1
7469,2
7470,2
7471,1
7472,2
7473,2
7474,2
7475,2
7476,1
7477,1
7478,1
7479,2
7480,1
7481,1
7482,2
7483,2
7484,2
7485,2
7486,1
7487,1
7488,1
7489,2
7490,1
7491,2
7492,2
7493,1
7494,1
7495,2
7496,2
7497,1
7498,2
7499,2
7500,2
7501,2
7502,1
7503,1
7504,2
7505,1
7506,1
7507,2
7508,1
7509,1
7510,1
7511,1
7512,2
7513,1
7514,1
7515,2
7516,2
7517,1
7518,2
7519,2
7520,1
7521,1
7522,1
7523,1
7524,1
7525,2
7526,2
7527,2
7528,2
7529,2
7530,1
7531,1
7532,2
7533,1
7534,2
7535,2
7536,2
7537,2
7538,1
7539,2
7540,2
7541,2
7542,2
7543,2
7544,2
7545,1
7546,2
7547,1
7548,2
7549,2
7550,2
7551,1
7552,1
7553,1
7554,2
7555,2
7556,2
7557,2
7558,2
7559,1
7560,2
7561,2
7562,1
7563,1
7564,2
7565,1
7566,1
7567,2
7568,1
7569,1
7570,1
7571,2
7572,2
7573,1
7574,1
7575,1
7576,2
7577,2
7578,2
7579,2
7580,2
7581,1
7582,1
7583,2
7584,2
7585,2
7586,2
7587,2
7588,1
7589,2
7590,2
7591,1
7592,1
7593,1
7594,1
7595,2
7596,1
7597,2
7598,2
7599,1
7600,1
7601,1
7602,1
7603,1
7604,2
7605,2
7606,1
7607,1
7608,1
7609,2
7610,1
7611,1
7612,1
7613,1
7614,1
7615,1
7616,2
7617,1
7618,1
7619,2
7620,1
7621,2
7622,1
7623,2
7624,1
7625,1
7626,1
7627,2
7628,1
7629,1
7630,1
7631,1
7632,1
7633,1
7634,1
7635,1
7636,1
7637,1
7638,2
7639,2
7640,1
7641,1
7642,1
7643,2
7644,2
7645,1
7646,2
7647,2
7648,1
7649,2
7650,2
7651,2
7652,1
7653,1
7654,1
7655,2
7656,1
7657,2
7658,2
7659,1
7660,2
7661,2
7662,1
7663,1
7664,2
7665,1
7666,1
7667,1
7668,2
7669,1
7670,1
7671,1
7672,1
7673,1
7674,1
7675,2
7676,2
7677,1
7678,2
7679,2
7680,1
7681,1
7682,1
7683,2
7684,2
7685,2
7686,2
7687,1
7688,1
7689,1
7690,2
7691,2
7692,2
7693,2
7694,2
7695,2
7696,2
7697,2
7698,2
7699,2
7700,1
7701,1
7702,2
7703,1
7704,1
7705,1
7706,2
7707,2
7708,2
7709,1
7710,1
7711,2
7712,1
7713,2
7714,2
7715,2
7716,2
7717,2
7718,2
7719,1
7720,1
7721,1
7722,2
7723,2
7724,2
7725,2
7726,2
7727,2
7728,2
7729,2
7730,2
7731,1
7732,2
7733,1
7734,2
7735,2
7736,2
7737,1
7738,2
7739,1
7740,1
7741,2
7742,1
7743,2
7744,1
7745,2
7746,2
7747,2
7748,1
7749,2
7750,2
7751,2
7752,2
7753,1
7754,1
7755,1
7756,1
7757,1
7758,2
7759,2
7760,1
7761,2
7762,2
7763,2
7764,2
7765,2
7766,2
7767,2
7768,2
7769,1
7770,1
7771,1
7772,2
7773,2
7774,1
7775,2
7776,1
7777,2
7778,1
7779,1
7780,2
7781,1
7782,1
7783,2
7784,1
7785,1
7786,1
7787,2
7788,2
7789,1
7790,2
7791,2
7792,2
7793,2
7794,1
7795,2
7796,2
7797,2
7798,2
7799,2
7800,1
7801,1
7802,1
7803,1
7804,2
7805,1
7806,1
7807,1
7808,1
7809,1
7810,1
7811,1
7812,2
7813,1
7814,1
7815,1
7816,2
7817,1
7818,1
7819,1
7820,2
7821,2
7822,2
7823,2
7824,1
7825,2
7826,2
7827,1
7828,2
7829,2
7830,1
7831,1
7832,1
7833,1
7834,2
7835,1
7836,1
7837,2
7838,2
7839,1
7840,2
7841,1
7842,1
7843,2
7844,1
7845,1
7846,1
7847,2
7848,1
7849,2
7850,2
7851,1
7852,2
7853,1
7854,2
7855,2
7856,2
7857,1
7858,1
7859,1
7860,1
7861,2
7862,2
7863,1
7864,2
7865,2
7866,2
7867,2
7868,1
7869,2
7870,2
7871,2
7872,1
7873,1
7874,2
7875,1
7876,2
7877,2
7878,1
7879,1
7880,1
7881,2
7882,1
7883,2
7884,2
7885,2
7886,2
7887,1
7888,2
7889,1
7890,2
7891,1
7892,2
7893,2
7894,2
7895,2
7896,1
7897,1
7898,2
7899,1
7900,1
7901,2
7902,2
7903,1
7904,2
7905,1
7906,1
7907,2
7908,2
7909,1
7910,2
7911,1
7912,1
7913,2
7914,1
7915,2
7916,1
7917,1
7918,1
7919,2
7920,2
7921,1
7922,2
7923,1
7924,2
7925,1
7926,2
7927,2
7928,2
7929,2
7930,1
7931,1
7932,1
7933,2
7934,1
7935,1
7936,2
7937,1
7938,1
7939,1
7940,2
7941,2
7942,1
7943,2
7944,1
7945,1
7946,2
7947,2
7948,1
7949,2
7950,1
7951,1
7952,2
7953,1
7954,1
7955,2
7956,2
7957,1
7958,1
7959,2
7960,1
7961,2
7962,2
7963,1
7964,2
7965,1
7966,1
7967,2
7968,1
7969,2
7970,2
7971,1
7972,2
7973,1
7974,2
7975,1
7976,2
7977,1
7978,2
7979,2
7980,1
7981,1
7982,2
7983,1
7984,2
7985,1
7986,1
7987,2
7988,1
7989,1
7990,2
7991,1
7992,1
7993,1
7994,1
7995,1
7996,1
7997,2
7998,1
7999,1
8000,2
8001,1
8002,1
8003,2
8004,2
8005,1
8006,2
8007,1
8008,2
8009,2
8010,1
8011,2
8012,1
8013,1
8014,2
8015,1
8016,2
8017,2
8018,2
8019,1
8020,1
8021,1
8022,2
8023,2
8024,1
8025,1
8026,1
8027,1
8028,1
8029,2
8030,1
8031,1
8032,2
8033,1
8034,1
8035,2
8036,1
8037,1
8038,1
8039,2
8040,2
8041,2
8042,2
8043,1
8044,1
8045,2
8046,2
8047,1
8048,1
8049,2
8050,1
8051,2
8052,1
8053,1
8054,1
8055,2
8056,1
8057,1
8058,2
8059,1
8060,2
8061,1
8062,1
8063,2
8064,1
8065,2
8066,1
8067,2
8068,2
8069,1
8070,2
8071,1
8072,2
8073,2
8074,1
8075,1
8076,1
8077,2
8078,2
8079,1
8080,1
8081,1
8082,2
8083,1
8084,1
8085,1
8086,1
8087,2
8088,2
8089,1
8090,2
8091,1
8092,1
8093,1
8094,2
8095,1
8096,2
8097,1
8098,1
8099,1
8100,1
8101,2
8102,2
8103,1
8104,2
8105,2
8106,2
8107,1
8108,2
8109,1
8110,2
8111,1
8112,2
8113,1
8114,2
8115,2
8116,2
8117,2
8118,1
8119,1
8120,2
8121,2
8122,1
8123,1
8124,2
8125,2
8126,2
8127,2
8128,2
8129,2
8130,1
8131,1
8132,1
8133,1
8134,1
8135,1
8136,1
8137,1
8138,1
8139,2
8140,1
8141,1
8142,1
8143,1
8144,1
8145,1
8146,1
8147,1
8148,2
8149,1
8150,2
8151,2
8152,1
8153,1
8154,2
8155,1
8156,2
8157,2
8158,1
8159,1
8160,2
8161,1
8162,1
8163,2
8164,1
8165,1
8166,2
8167,1
8168,2
8169,2
8170,1
8171,1
8172,1
8173,1
8174,2
8175,1
8176,2
8177,2
8178,1
8179,2
8180,2
8181,1
8182,2
8183,1
8184,2
8185,1
8186,1
8187,1
8188,1
8189,1
8190,1
8191,1
8192,2
8193,1
8194,2
8195,1
8196,1
8197,2
8198,1
8199,1
8200,1
8201,1
8202,2
8203,1
8204,1
8205,2
8206,2
8207,1
8208,1
8209,1
8210,2
8211,1
8212,2
8213,1
8214,2
8215,2
8216,1
8217,2
8218,1
8219,2
8220,1
8221,2
8222,2
8223,1
8224,2
8225,1
8226,1
8227,1
8228,1
8229,2
8230,1
8231,1
8232,1
8233,2
8234,2
8235,2
8236,1
8237,1
8238,2
8239,2
8240,1
8241,2
8242,2
8243,1
8244,2
8245,1
8246,2
8247,1
8248,1
8249,1
8250,2
8251,2
8252,1
8253,2
8254,2
8255,1
8256,2
8257,1
8258,2
8259,2
8260,2
8261,2
8262,1
8263,2
8264,1
8265,1
8266,2
8267,2
8268,1
8269,1
8270,1
8271,1
8272,2
8273,1
8274,1
8275,2
8276,2
8277,2
8278,2
8279,1
8280,1
8281,2
8282,2
8283,1
8284,2
8285,2
8286,2
8287,1
8288,1
8289,1
8290,1
8291,1
8292,1
8293,1
8294,1
8295,2
8296,2
8297,1
8298,2
8299,1
8300,1
8301,2
8302,1
8303,1
8304,2
8305,1
8306,1
8307,1
8308,1
8309,2
8310,1
8311,1
8312,1
8313,1
8314,1
8315,1
8316,2
8317,1
8318,1
8319,1
8320,1
8321,2
8322,1
8323,1
8324,1
8325,2
8326,1
8327,1
8328,1
8329,2
8330,1
8331,1
8332,1
8333,1
8334,1
8335,1
8336,1
8337,1
8338,1
8339,2
8340,1
8341,2
8342,2
8343,1
8344,1
8345,2
8346,2
8347,1
8348,2
8349,2
8350,2
8351,1
8352,2
8353,1
8354,1
8355,1
8356,2
8357,2
8358,2
8359,1
8360,1
8361,2
8362,1
8363,1
8364,2
8365,1
8366,1
8367,1
8368,1
8369,2
8370,2
8371,1
8372,1
8373,1
8374,2
8375,2
8376,1
8377,1
8378,2
8379,1
8380,2
8381,1
8382,2
8383,1
8384,1
8385,1
8386,2
8387,1
8388,1
8389,2
8390,1
8391,2
8392,2
8393,1
8394,1
8395,1
8396,1
8397,1
8398,1
8399,1
8400,2
8401,2
8402,1
8403,1
8404,1
8405,2
8406,1
8407,2
8408,1
8409,1
8410,1
8411,1
8412,1
8413,2
8414,1
8415,2
8416,1
8417,1
8418,2
8419,2
8420,1
8421,2
8422,2
8423,1
8424,1
8425,2
8426,1
8427,1
8428,2
8429,2
8430,2
8431,2
8432,1
8433,2
8434,1
8435,1
8436,1
8437,2
8438,2
8439,2
8440,2
8441,1
8442,2
8443,1
8444,2
8445,2
8446,1
8447,2
8448,1
8449,1
8450,1
8451,2
8452,1
8453,2
8454,1
8455,1
8456,1
8457,1
8458,1
8459,2
8460,1
8461,2
8462,1
8463,1
8464,2
8465,1
8466,2
8467,1
8468,2
8469,2
8470,2
8471,1
8472,1
8473,1
8474,1
8475,2
8476,1
8477,2
8478,2
8479,2
8480,1
8481,2
8482,1
8483,2
8484,1
8485,2
8486,1
8487,2
8488,2
8489,2
8490,1
8491,2
8492,2
8493,2
8494,1
8495,2
8496,1
8497,1
8498,1
8499,1
8500,2
8501,1
8502,2
8503,2
8504,1
8505,2
8506,1
8507,2
8508,1
8509,2
8510,1
8511,2
8512,1
8513,2
8514,2
8515,2
8516,1
8517,1
8518,1
8519,1
8520,1
8521,2
8522,2
8523,2
8524,2
8525,2
8526,1
8527,1
8528,1
8529,1
8530,1
8531,1
8532,2
8533,2
8534,2
8535,1
8536,2
8537,1
8538,1
8539,2
8540,2
8541,2
8542,1
8543,1
8544,2
8545,1
8546,2
8547,1
8548,1
8549,1
8550,1
8551,2
8552,2
8553,1
8554,1
8555,2
8556,1
8557,1
8558,2
8559,2
8560,2
8561,1
8562,1
8563,2
8564,2
8565,2
8566,2
8567,2
8568,2
8569,2
8570,2
8571,2
8572,1
8573,2
8574,2
8575,1
8576,2
8577,2
8578,1
8579,1
8580,1
8581,2
8582,2
8583,2
8584,1
8585,2
8586,2
8587,2
8588,2
8589,1
8590,1
8591,1
8592,1
8593,2
8594,1
8595,1
8596,2
8597,2
8598,1
8599,1
8600,1
8601,1
8602,1
8603,2
8604,1
8605,2
8606,1
8607,1
8608,1
8609,2
8610,1
8611,2
8612,1
8613,2
8614,2
8615,1
8616,1
8617,1
8618,1
8619,2
8620,2
8621,2
8622,1
8623,1
8624,1
8625,2
8626,1
8627,2
8628,2
8629,2
8630,1
8631,1
8632,2
8633,1
8634,2
8635,2
8636,1
8637,1
8638,2
8639,1
8640,1
8641,2
8642,2
8643,1
8644,1
8645,1
8646,1
8647,1
8648,2
8649,1
8650,2
8651,1
8652,1
8653,2
8654,1
8655,1
8656,1
8657,1
8658,2
8659,2
8660,1
8661,1
8662,1
8663,2
8664,1
8665,1
8666,2
8667,1
8668,2
8669,1
8670,2
8671,1
8672,1
8673,1
8674,2
8675,2
8676,1
8677,1
8678,1
8679,2
8680,2
8681,1
8682,2
8683,2
8684,2
8685,1
8686,2
8687,1
8688,1
8689,2
8690,1
8691,2
8692,1
8693,1
8694,1
8695,2
8696,2
8697,2
8698,1
8699,1
8700,2
8701,1
8702,1
8703,1
8704,2
8705,1
8706,2
8707,1
8708,2
8709,2
8710,2
8711,2
8712,2
8713,2
8714,1
8715,1
8716,2
8717,2
8718,2
8719,2
8720,1
8721,2
8722,1
8723,2
8724,1
8725,2
8726,2
8727,2
8728,1
8729,2
8730,2
8731,2
8732,2
8733,2
8734,1
8735,2
8736,1
8737,2
8738,1
8739,1
8740,2
8741,2
8742,1
8743,1
8744,2
8745,2
8746,1
8747,1
8748,1
8749,1
8750,1
8751,2
8752,2
8753,1
8754,1
8755,2
8756,1
8757,2
8758,1
8759,2
8760,1
8761,2
8762,1
8763,1
8764,2
8765,2
8766,1
8767,2
8768,1
8769,1
8770,1
8771,2
8772,1
8773,1
8774,1
8775,1
8776,2
8777,2
8778,2
8779,1
8780,1
8781,2
8782,1
8783,1
8784,2
8785,2
8786,1
8787,2
8788,2
8789,1
8790,2
8791,1
8792,2
8793,1
8794,2
8795,1
8796,1
8797,2
8798,2
8799,1
8800,2
8801,1
8802,1
8803,1
8804,1
8805,1
8806,1
8807,2
8808,1
8809,2
8810,1
8811,1
8812,2
8813,1
8814,2
8815,2
8816,2
8817,2
8818,1
8819,1
8820,1
8821,1
8822,1
8823,1
8824,2
8825,2
8826,2
8827,2
8828,2
8829,1
8830,1
8831,2
8832,2
8833,2
8834,1
8835,1
8836,1
8837,1
8838,2
8839,1
8840,2
8841,2
8842,2
8843,2
8844,2
8845,1
8846,2
8847,1
8848,2
8849,1
8850,2
8851,2
8852,2
8853,1
8854,1
8855,1
8856,2
8857,1
8858,1
8859,2
8860,2
8861,2
8862,1
8863,2
8864,2
8865,1
8866,2
8867,2
8868,2
8869,2
8870,2
8871,2
8872,1
8873,2
8874,2
8875,2
8876,1
8877,1
8878,2
8879,1
8880,2
8881,1
8882,1
8883,1
8884,2
8885,2
8886,1
8887,1
8888,1
8889,2
8890,1
8891,1
8892,2
8893,1
8894,2
8895,1
8896,2
8897,1
8898,2
8899,2
8900,1
8901,1
8902,1
8903,2
8904,1
8905,2
8906,2
8907,2
8908,1
8909,1
8910,2
8911,1
8912,2
8913,1
8914,1
8915,1
8916,1
8917,2
8918,2
8919,2
8920,2
8921,2
8922,1
8923,1
8924,1
8925,2
8926,1
8927,1
8928,2
8929,2
8930,2
8931,1
8932,2
8933,2
8934,1
8935,2
8936,1
8937,1
8938,2
8939,2
8940,2
8941,2
8942,2
8943,2
8944,1
8945,2
8946,2
8947,1
8948,2
8949,1
8950,2
8951,2
8952,2
8953,2
8954,2
8955,2
8956,1
8957,1
8958,2
8959,1
8960,2
8961,1
8962,1
8963,2
8964,1
8965,2
8966,1
8967,2
8968,2
8969,1
8970,2
8971,1
8972,2
8973,1
8974,2
8975,2
8976,2
8977,1
8978,2
8979,1
8980,1
8981,2
8982,2
8983,2
8984,1
8985,1
8986,1
8987,1
8988,2
8989,2
8990,2
8991,2
8992,2
8993,1
8994,2
8995,1
8996,2
8997,1
8998,2
8999,2
9000,2
9001,2
9002,1
9003,1
9004,1
9005,1
9006,1
9007,1
9008,2
9009,1
9010,1
9011,1
9012,1
9013,2
9014,2
9015,2
9016,2
9017,1
9018,2
9019,2
9020,2
9021,2
9022,1
9023,2
9024,1
9025,2
9026,2
9027,1
9028,2
9029,2
9030,1
9031,2
9032,2
9033,2
9034,2
9035,1
9036,1
9037,2
9038,2
9039,2
9040,2
9041,2
9042,1
9043,2
9044,2
9045,1
9046,2
9047,2
9048,2
9049,2
9050,1
9051,1
9052,2
9053,2
9054,2
9055,1
9056,1
9057,2
9058,2
9059,1
9060,2
9061,1
9062,1
9063,1
9064,1
9065,1
9066,2
9067,1
9068,2
9069,2
9070,1
9071,2
9072,1
9073,1
9074,1
9075,1
9076,1
9077,2
9078,1
9079,1
9080,1
9081,2
9082,2
9083,2
9084,1
9085,1
9086,1
9087,1
9088,2
9089,2
9090,2
9091,2
9092,2
9093,2
9094,1
9095,1
9096,1
9097,2
9098,2
9099,1
9100,2
9101,2
9102,2
9103,1
9104,1
9105,2
9106,1
9107,1
9108,2
9109,2
9110,1
9111,1
9112,2
9113,1
9114,2
9115,2
9116,1
9117,2
9118,2
9119,1
9120,2
9121,2
9122,1
9123,1
9124,1
9125,2
9126,2
9127,1
9128,2
9129,2
9130,1
9131,1
9132,2
9133,2
9134,1
9135,2
9136,1
9137,2
9138,1
9139,2
9140,2
9141,2
9142,2
9143,1
9144,1
9145,1
9146,2
9147,1
9148,1
9149,2
9150,2
9151,1
9152,1
9153,1
9154,1
9155,1
9156,1
9157,2
9158,2
9159,1
9160,1
9161,1
9162,2
9163,2
9164,1
9165,1
9166,1
9167,2
9168,1
9169,1
9170,2
9171,2
9172,1
9173,2
9174,1
9175,1
9176,1
9177,2
9178,1
9179,1
9180,1
9181,2
9182,2
9183,1
9184,2
9185,1
9186,1
9187,2
9188,2
9189,1
9190,2
9191,1
9192,1
9193,2
9194,1
9195,1
9196,1
9197,1
9198,1
9199,1
9200,1
9201,1
9202,2
9203,1
9204,1
9205,1
9206,2
9207,2
9208,2
9209,2
9210,2
9211,2
9212,2
9213,1
9214,2
9215,2
9216,2
9217,2
9218,1
9219,2
9220,1
9221,2
9222,1
9223,1
9224,1
9225,1
9226,2
9227,2
9228,2
9229,2
9230,1
9231,1
9232,2
9233,1
9234,1
9235,1
9236,1
9237,1
9238,2
9239,1
9240,2
9241,1
9242,2
9243,1
9244,1
9245,1
9246,2
9247,2
9248,1
9249,1
9250,2
9251,1
9252,2
9253,2
9254,2
9255,1
9256,1
9257,1
9258,1
9259,2
9260,2
9261,2
9262,1
9263,1
9264,2
9265,1
9266,1
9267,1
9268,2
9269,1
9270,1
9271,1
9272,2
9273,1
9274,2
9275,2
9276,1
9277,1
9278,1
9279,1
9280,2
9281,1
9282,2
9283,2
9284,2
9285,2
9286,1
9287,2
9288,2
9289,1
9290,2
9291,2
9292,1
9293,1
9294,2
9295,2
9296,1
9297,2
9298,2
9299,2
9300,1
9301,1
9302,2
9303,1
9304,2
9305,1
9306,2
9307,1
9308,2
9309,2
9310,1
9311,2
9312,1
9313,1
9314,1
9315,1
9316,2
9317,1
9318,2
9319,1
9320,1
9321,1
9322,1
9323,2
9324,2
9325,2
9326,1
9327,1
9328,2
9329,1
9330,2
9331,2
9332,2
9333,1
9334,2
9335,1
9336,2
9337,1
9338,2
9339,1
9340,2
9341,2
9342,2
9343,1
9344,2
9345,1
9346,2
9347,1
9348,2
9349,1
9350,2
9351,1
9352,2
9353,2
9354,2
9355,1
9356,2
9357,2
9358,1
9359,2
9360,1
9361,1
9362,1
9363,2
9364,1
9365,2
9366,2
9367,2
9368,2
9369,1
9370,2
9371,1
9372,2
9373,1
9374,2
9375,1
9376,1
9377,2
9378,1
9379,1
9380,2
9381,2
9382,1
9383,2
9384,1
9385,1
9386,2
9387,1
9388,2
9389,1
9390,2
9391,2
9392,1
9393,2
9394,2
9395,2
9396,2
9397,2
9398,1
9399,2
9400,1
9401,1
9402,1
9403,1
9404,2
9405,2
9406,2
9407,1
9408,1
9409,1
9410,1
9411,2
9412,1
9413,1
9414,2
9415,2
9416,1
9417,2
9418,1
9419,2
9420,1
9421,1
9422,2
9423,2
9424,1
9425,2
9426,2
9427,1
9428,2
9429,2
9430,1
9431,2
9432,1
9433,1
9434,1
9435,1
9436,2
9437,1
9438,2
9439,2
9440,2
9441,2
9442,2
9443,1
9444,2
9445,2
9446,2
9447,1
9448,2
9449,2
9450,2
9451,2
9452,2
9453,2
9454,1
9455,1
9456,1
9457,1
9458,2
9459,1
9460,2
9461,2
9462,2
9463,2
9464,2
9465,1
9466,1
9467,2
9468,1
9469,1
9470,1
9471,1
9472,1
9473,2
9474,2
9475,2
9476,1
9477,1
9478,2
9479,1
9480,2
9481,1
9482,1
9483,2
9484,2
9485,2
9486,2
9487,2
9488,1
9489,1
9490,1
9491,2
9492,1
9493,2
9494,1
9495,2
9496,2
9497,2
9498,2
9499,1
9500,1
9501,2
9502,1
9503,1
9504,1
9505,1
9506,2
9507,2
9508,1
9509,1
9510,2
9511,2
9512,1
9513,2
9514,2
9515,2
9516,1
9517,2
9518,2
9519,2
9520,1
9521,1
9522,1
9523,1
9524,1
9525,2
9526,1
9527,2
9528,2
9529,1
9530,1
9531,2
9532,1
9533,2
9534,1
9535,2
9536,2
9537,1
9538,1
9539,2
9540,2
9541,1
9542,1
9543,1
9544,2
9545,1
9546,1
9547,2
9548,2
9549,2
9550,2
9551,2
9552,2
9553,2
9554,1
9555,2
9556,2
9557,1
9558,1
9559,2
9560,1
9561,2
9562,2
9563,1
9564,2
9565,2
9566,1
9567,2
9568,1
9569,2
9570,1
9571,1
9572,2
9573,2
9574,2
9575,2
9576,1
9577,1
9578,1
9579,2
9580,2
9581,1
9582,1
9583,1
9584,1
9585,2
9586,2
9587,2
9588,2
9589,1
9590,2
9591,2
9592,2
9593,2
9594,1
9595,1
9596,2
9597,2
9598,2
9599,2
9600,2
9601,2
9602,1
9603,2
9604,1
9605,2
9606,1
9607,1
9608,1
9609,1
9610,1
9611,2
9612,2
9613,1
9614,2
9615,2
9616,1
9617,2
9618,2
9619,2
9620,1
9621,1
9622,2
9623,1
9624,1
9625,2
9626,2
9627,2
9628,2
9629,1
9630,2
9631,2
9632,2
9633,2
9634,1
9635,2
9636,2
9637,1
9638,2
9639,1
9640,1
9641,2
9642,1
9643,2
9644,1
9645,2
9646,1
9647,1
9648,2
9649,2
9650,1
9651,1
9652,2
9653,2
9654,2
9655,2
9656,1
9657,1
9658,1
9659,2
9660,1
9661,1
9662,1
9663,2
9664,2
9665,1
9666,1
9667,1
9668,2
9669,2
9670,2
9671,1
9672,2
9673,1
9674,1
9675,2
9676,1
9677,1
9678,1
9679,1
9680,2
9681,2
9682,1
9683,2
9684,1
9685,2
9686,2
9687,1
9688,2
9689,2
9690,2
9691,2
9692,1
9693,2
9694,1
9695,2
9696,1
9697,2
9698,2
9699,2
9700,1
9701,2
9702,1
9703,1
9704,1
9705,2
9706,2
9707,1
9708,1
9709,1
9710,2
9711,2
9712,2
9713,1
9714,2
9715,1
9716,1
9717,2
9718,2
9719,2
9720,2
9721,2
9722,2
9723,2
9724,2
9725,2
9726,2
9727,2
9728,2
9729,2
9730,2
9731,2
9732,1
9733,1
9734,1
9735,2
9736,2
9737,2
9738,1
9739,2
9740,2
9741,2
9742,2
9743,2
9744,2
9745,2
9746,1
9747,2
9748,1
9749,2
9750,1
9751,2
9752,1
9753,1
9754,1
9755,1
9756,1
9757,1
9758,2
9759,2
9760,2
9761,2
9762,1
9763,2
9764,2
9765,1
9766,2
9767,1
9768,2
9769,2
9770,1
9771,2
9772,2
9773,1
9774,1
9775,2
9776,2
9777,1
9778,2
9779,1
9780,1
9781,1
9782,1
9783,1
9784,1
9785,1
9786,2
9787,1
9788,2
9789,1
9790,1
9791,1
9792,2
9793,2
9794,2
9795,1
9796,2
9797,1
9798,2
9799,1
9800,2
9801,1
9802,1
9803,2
9804,1
9805,1
9806,2
9807,1
9808,2
9809,2
9810,2
9811,2
9812,1
9813,1
9814,1
9815,1
9816,1
9817,2
9818,1
9819,2
9820,1
9821,2
9822,2
9823,2
9824,1
9825,1
9826,1
9827,1
9828,1
9829,2
9830,2
9831,1
9832,2
9833,2
9834,1
9835,2
9836,1
9837,1
9838,2
9839,2
9840,2
9841,1
9842,2
9843,1
9844,1
9845,1
9846,1
9847,2
9848,1
9849,2
9850,1
9851,2
9852,2
9853,1
9854,1
9855,1
9856,1
9857,2
9858,1
9859,1
9860,1
9861,2
9862,1
9863,1
9864,2
9865,2
9866,1
9867,1
9868,1
9869,1
9870,1
9871,1
9872,1
9873,2
9874,2
9875,1
9876,2
9877,1
9878,1
9879,2
9880,2
9881,2
9882,1
9883,2
9884,2
9885,2
9886,2
9887,1
9888,1
9889,2
9890,1
9891,1
9892,1
9893,2
9894,2
9895,1
9896,2
9897,1
9898,1
9899,2
9900,1
9901,1
9902,2
9903,2
9904,1
9905,1
9906,2
9907,2
9908,2
9909,2
9910,1
9911,2
9912,1
9913,1
9914,1
9915,1
9916,1
9917,1
9918,2
9919,2
9920,2
9921,2
9922,1
9923,1
9924,2
9925,2
9926,2
9927,2
9928,1
9929,2
9930,1
9931,1
9932,1
9933,1
9934,1
9935,2
9936,2
9937,1
9938,1
9939,1
9940,2
9941,1
9942,1
9943,1
9944,1
9945,1
9946,1
9947,1
9948,1
9949,1
9950,1
9951,2
9952,2
9953,2
9954,2
9955,1
9956,1
9957,2
9958,2
9959,2
9960,2
9961,2
9962,1
9963,1
9964,2
9965,2
9966,1
9967,1
9968,1
9969,2
9970,2
9971,2
9972,1
9973,1
9974,1
9975,2
9976,1
9977,1
9978,2
9979,2
9980,1
9981,2
9982,1
9983,2
9984,1
9985,1
9986,1
9987,2
9988,2
9989,2
9990,2
9991,2
9992,2
9993,1
9994,2
9995,2
9996,2
9997,2
9998,1
9999,1
10000,1
10001,2
10002,1
10003,1
10004,1
10005,2
10006,2
10007,1
10008,2
10009,1
10010,2
10011,1
10012,2
10013,1
10014,2
10015,1
10016,1
10017,2
10018,2
10019,1
10020,1
10021,2
10022,2
10023,2
10024,1
10025,2
10026,2
10027,2
10028,2
10029,2
10030,2
10031,2
10032,2
10033,1
10034,1
10035,1
10036,1
10037,2
10038,2
10039,1
10040,1
10041,2
10042,1
10043,2
10044,2
10045,1
10046,1
10047,2
10048,1
10049,2
10050,1
10051,1
10052,1
10053,2
10054,2
10055,1
10056,1
10057,1
10058,1
10059,2
10060,2
10061,1
10062,1
10063,1
10064,1
10065,1
10066,1
10067,2
10068,1
10069,1
10070,1
10071,1
10072,1
10073,1
10074,2
10075,2
10076,1
10077,1
10078,1
10079,2
10080,2
10081,1
10082,1
10083,2
10084,2
10085,2
10086,2
10087,2
10088,2
10089,2
10090,1
10091,1
10092,1
10093,1
10094,2
10095,1
10096,2
10097,2
10098,2
10099,1
10100,2
10101,2
10102,1
10103,2
10104,2
10105,2
10106,1
10107,1
10108,2
10109,2
10110,1
10111,1
10112,1
10113,1
10114,1
10115,1
10116,1
10117,1
10118,1
10119,2
10120,2
10121,1
10122,2
10123,1
10124,2
10125,1
10126,2
10127,1
10128,2
10129,2
10130,2
10131,1
10132,2
10133,2
10134,2
10135,2
10136,1
10137,1
10138,1
10139,2
10140,2
10141,1
10142,2
10143,2
10144,1
10145,2
10146,1
10147,2
10148,1
10149,1
10150,1
10151,2
10152,1
10153,2
10154,2
10155,2
10156,2
10157,1
10158,2
10159,1
10160,1
10161,2
10162,2
10163,1
10164,1
10165,1
10166,1
10167,1
10168,1
10169,1
10170,1
10171,2
10172,2
10173,2
10174,2
10175,1
10176,1
10177,1
10178,1
10179,1
10180,2
10181,2
10182,1
10183,2
10184,1
10185,1
10186,1
10187,2
10188,1
10189,1
10190,1
10191,1
10192,1
10193,2
10194,1
10195,2
10196,1
10197,1
10198,2
10199,2
10200,1
10201,1
10202,2
10203,1
10204,1
10205,2
10206,1
10207,1
10208,2
10209,2
10210,1
10211,1
10212,2
10213,2
10214,2
10215,1
10216,2
10217,1
10218,2
10219,2
10220,2
10221,1
10222,1
10223,1
10224,2
10225,1
10226,2
10227,1
10228,1
10229,2
10230,2
10231,2
10232,1
10233,2
10234,1
10235,2
10236,2
10237,1
10238,1
10239,2
10240,1
10241,1
10242,1
10243,1
10244,2
10245,1
10246,1
10247,2
10248,1
10249,1
10250,1
10251,2
10252,1
10253,1
10254,2
10255,1
10256,1
10257,1
10258,1
10259,2
10260,2
10261,2
10262,1
10263,2
10264,2
10265,1
10266,1
10267,2
10268,1
10269,2
10270,2
10271,2
10272,2
10273,1
10274,2
10275,2
10276,1
10277,2
10278,2
10279,1
10280,1
10281,1
10282,2
10283,1
10284,2
10285,1
10286,1
10287,1
10288,1
10289,1
10290,1
10291,1
10292,2
10293,2
10294,1
10295,2
10296,1
10297,2
10298,1
10299,2
10300,1
10301,2
10302,2
10303,2
10304,2
10305,1
10306,2
10307,2
10308,2
10309,1
10310,1
10311,2
10312,1
10313,2
10314,1
10315,2
10316,2
10317,2
10318,2
10319,1
10320,1
10321,1
10322,1
10323,1
10324,2
10325,2
10326,1
10327,2
10328,1
10329,2
10330,1
10331,1
10332,2
10333,2
10334,2
10335,1
10336,2
10337,2
10338,1
10339,1
10340,1
10341,1
10342,2
10343,2
10344,1
10345,1
10346,1
10347,2
10348,2
10349,2
10350,1
10351,2
10352,2
10353,2
10354,1
10355,1
10356,2
10357,2
10358,2
10359,2
10360,1
10361,2
10362,1
10363,2
10364,2
10365,1
10366,2
10367,2
10368,1
10369,2
10370,2
10371,2
10372,2
10373,1
10374,1
10375,1
10376,2
10377,1
10378,1
10379,2
10380,2
10381,1
10382,1
10383,2
10384,2
10385,2
10386,1
10387,1
10388,2
10389,1
10390,1
10391,2
10392,1
10393,2
10394,2
10395,2
10396,2
10397,2
10398,1
10399,1
10400,1
10401,1
10402,1
10403,2
10404,1
10405,1
10406,1
10407,2
10408,2
10409,1
10410,2
10411,1
10412,2
10413,1
10414,1
10415,2
10416,1
10417,1
10418,2
10419,2
10420,2
10421,2
10422,1
10423,2
10424,2
10425,1
10426,1
10427,1
10428,1
10429,1
10430,1
10431,2
10432,2
10433,1
10434,1
10435,1
10436,2
10437,2
10438,1
10439,1
10440,2
10441,2
10442,1
10443,2
10444,2
10445,2
10446,2
10447,2
10448,1
10449,1
10450,2
10451,2
10452,2
10453,1
10454,1
10455,1
10456,1
10457,1
10458,2
10459,2
10460,1
10461,1
10462,1
10463,2
10464,2
10465,2
10466,1
10467,1
10468,2
10469,2
10470,2
10471,2
10472,1
10473,2
10474,1
10475,1
10476,1
10477,2
10478,2
10479,2
10480,2
10481,1
10482,1
10483,1
10484,1
10485,1
10486,1
10487,1
10488,1
10489,1
10490,2
10491,1
10492,1
10493,2
10494,1
10495,1
10496,1
10497,2
10498,2
10499,1
10500,1
10501,2
10502,2
10503,1
10504,2
10505,1
10506,2
10507,1
10508,2
10509,2
10510,1
10511,1
10512,1
10513,1
10514,1
10515,1
10516,2
10517,2
10518,1
10519,2
10520,1
10521,2
10522,1
10523,1
10524,2
10525,1
10526,1
10527,2
10528,2
10529,2
10530,2
10531,1
10532,1
10533,2
10534,1
10535,2
10536,1
10537,2
10538,1
10539,2
10540,1
10541,2
10542,1
10543,2
10544,1
10545,1
10546,2
10547,1
10548,2
10549,2
10550,1
10551,2
10552,2
10553,2
10554,1
10555,1
10556,1
10557,2
10558,2
10559,1
10560,2
10561,1
10562,1
10563,2
10564,1
10565,2
10566,2
10567,2
10568,1
10569,2
10570,2
10571,1
10572,2
10573,1
10574,2
10575,2
10576,2
10577,1
10578,2
10579,1
10580,1
10581,1
10582,2
10583,1
10584,1
10585,1
10586,1
10587,2
10588,1
10589,2
10590,1
10591,1
10592,2
10593,2
10594,2
10595,2
10596,2
10597,2
10598,1
10599,1
10600,2
10601,1
10602,2
10603,2
10604,2
10605,1
10606,1
10607,1
10608,1
10609,1
10610,1
10611,1
10612,1
10613,1
10614,2
10615,2
10616,2
10617,1
10618,1
10619,2
10620,2
10621,1
10622,2
10623,1
10624,1
10625,1
10626,2
10627,2
10628,1
10629,2
10630,1
10631,2
10632,2
10633,2
10634,2
10635,1
10636,2
10637,1
10638,1
10639,1
10640,2
10641,1
10642,1
10643,1
10644,1
10645,1
10646,1
10647,1
10648,2
10649,1
10650,2
10651,1
10652,2
10653,1
10654,2
10655,2
10656,1
10657,2
10658,2
10659,2
10660,2
10661,2
10662,2
10663,1
10664,1
10665,1
10666,2
10667,2
10668,2
10669,2
10670,1
10671,2
10672,2
10673,2
10674,1
10675,2
10676,2
10677,2
10678,2
10679,1
10680,1
10681,1
10682,2
10683,2
10684,1
10685,2
10686,2
10687,2
10688,2
10689,1
10690,2
10691,1
10692,1
10693,2
10694,1
10695,2
10696,2
10697,1
10698,1
10699,2
10700,2
10701,1
10702,1
10703,2
10704,2
10705,1
10706,1
10707,2
10708,2
10709,1
10710,2
10711,2
10712,2
10713,2
10714,1
10715,1
10716,1
10717,1
10718,2
10719,1
10720,1
10721,1
10722,1
10723,1
10724,2
10725,1
10726,2
10727,1
10728,2
10729,2
10730,2
10731,1
10732,1
10733,2
10734,2
10735,2
10736,2
10737,1
10738,1
10739,1
10740,1
10741,1
10742,2
10743,1
10744,1
10745,2
10746,2
10747,1
10748,2
10749,1
10750,1
10751,2
10752,2
10753,1
10754,1
10755,1
10756,2
10757,1
10758,2
10759,2
10760,2
10761,1
10762,1
10763,2
10764,1
10765,1
10766,2
10767,2
10768,2
10769,2
10770,2
10771,1
10772,2
10773,1
10774,2
10775,2
10776,2
10777,1
10778,1
10779,2
10780,1
10781,1
10782,2
10783,2
10784,2
10785,1
10786,1
10787,1
10788,2
10789,1
10790,2
10791,1
10792,2
10793,2
10794,1
10795,1
10796,1
10797,2
10798,2
10799,1
10800,2
10801,1
10802,1
10803,1
10804,1
10805,2
10806,2
10807,1
10808,2
10809,2
10810,1
10811,2
10812,2
10813,2
10814,2
10815,2
10816,1
10817,1
10818,2
10819,1
10820,2
10821,2
10822,2
10823,1
10824,2
10825,2
10826,1
10827,1
10828,1
10829,2
10830,1
10831,1
10832,2
10833,1
10834,1
10835,1
10836,2
10837,2
10838,1
10839,1
10840,2
10841,1
10842,2
10843,2
10844,2
10845,1
10846,2
10847,2
10848,1
10849,2
10850,1
10851,1
10852,1
10853,2
10854,1
10855,2
10856,1
10857,2
10858,2
10859,1
10860,2
10861,2
10862,1
10863,2
10864,2
10865,2
10866,2
10867,1
10868,2
10869,1
10870,2
10871,1
10872,2
10873,1
10874,2
10875,2
10876,1
10877,2
10878,1
10879,2
10880,1
10881,1
10882,2
10883,2
10884,1
10885,1
10886,1
10887,1
10888,2
10889,2
10890,1
10891,1
10892,2
10893,2
10894,2
10895,1
10896,2
10897,1
10898,1
10899,2
10900,2
10901,1
10902,2
10903,2
10904,2
10905,2
10906,2
10907,2
10908,2
10909,1
10910,2
10911,2
10912,2
10913,1
10914,1
10915,1
10916,1
10917,1
10918,2
10919,2
10920,2
10921,2
10922,1
10923,1
10924,2
10925,1
10926,1
10927,1
10928,2
10929,2
10930,2
10931,1
10932,2
10933,2
10934,1
10935,1
10936,1
10937,1
10938,1
10939,1
10940,2
10941,1
10942,2
10943,2
10944,1
10945,1
10946,2
10947,2
10948,2
10949,1
10950,2
10951,1
10952,1
10953,1
10954,2
10955,2
10956,1
10957,1
10958,1
10959,1
10960,1
10961,1
10962,1
10963,1
10964,2
10965,2
10966,1
10967,1
10968,2
10969,1
10970,2
10971,1
10972,2
10973,1
10974,2
10975,2
10976,2
10977,2
10978,1
10979,2
10980,2
10981,1
10982,1
10983,1
10984,1
10985,2
10986,2
10987,2
10988,1
10989,1
10990,2
10991,1
10992,1
10993,2
10994,1
10995,1
10996,1
10997,2
10998,1
10999,1
11000,2
11001,2
11002,1
11003,2
11004,2
11005,2
11006,1
11007,1
11008,1
11009,1
11010,2
11011,2
11012,1
11013,2
11014,1
11015,2
11016,2
11017,1
11018,2
11019,2
11020,1
11021,2
11022,1
11023,2
11024,2
11025,1
11026,2
11027,1
11028,1
11029,1
11030,2
11031,2
11032,2
11033,1
11034,2
11035,1
11036,2
11037,1
11038,1
11039,2
11040,1
11041,2
11042,2
11043,2
11044,2
11045,1
11046,1
11047,1
11048,2
11049,2
11050,2
11051,1
11052,2
11053,1
11054,2
11055,2
11056,2
11057,1
11058,2
11059,1
11060,2
11061,1
11062,2
11063,1
11064,1
11065,1
11066,1
11067,1
11068,1
11069,2
11070,2
11071,1
11072,2
11073,2
11074,1
11075,2
11076,1
11077,1
11078,1
11079,2
11080,2
11081,2
11082,1
11083,1
11084,1
11085,2
11086,1
11087,1
11088,2
11089,2
11090,1
11091,2
11092,1
11093,2
11094,2
11095,2
11096,2
11097,2
11098,2
11099,1
11100,1
11101,2
11102,2
11103,1
11104,2
11105,1
11106,2
11107,1
11108,1
11109,1
11110,1
11111,2
11112,2
11113,2
11114,2
11115,2
11116,2
11117,2
11118,2
11119,2
11120,1
11121,2
11122,1
11123,2
11124,1
11125,1
11126,2
11127,1
11128,1
11129,2
11130,1
11131,2
11132,2
11133,1
11134,2
11135,1
11136,1
11137,1
11138,1
11139,1
11140,1
11141,1
11142,1
11143,2
11144,1
11145,2
11146,1
11147,2
11148,2
11149,2
11150,1
11151,2
11152,1
11153,1
11154,2
11155,1
11156,1
11157,2
11158,1
11159,2
11160,2
11161,1
11162,2
11163,2
11164,2
11165,2
11166,1
11167,2
11168,1
11169,2
11170,1
11171,2
11172,1
11173,1
11174,1
11175,2
11176,1
11177,2
11178,1
11179,2
11180,2
11181,2
11182,1
11183,1
11184,1
11185,1
11186,2
11187,1
11188,1
11189,2
11190,1
11191,2
11192,1
11193,1
11194,1
11195,2
11196,2
11197,1
11198,1
11199,1
11200,2
11201,1
11202,2
11203,1
11204,2
11205,1
11206,2
11207,1
11208,1
11209,2
11210,1
11211,1
11212,1
11213,1
11214,2
11215,1
11216,2
11217,1
11218,1
11219,1
11220,1
11221,1
11222,1
11223,1
11224,1
11225,1
11226,2
11227,1
11228,1
11229,1
11230,2
11231,1
11232,1
11233,2
11234,1
11235,1
11236,2
11237,2
11238,1
11239,1
11240,1
11241,2
11242,2
11243,1
11244,2
11245,2
11246,2
11247,1
11248,1
11249,2
11250,1
11251,1
11252,1
11253,1
11254,2
11255,1
11256,1
11257,2
11258,1
11259,1
11260,1
11261,2
11262,1
11263,1
11264,2
11265,1
11266,1
11267,1
11268,2
11269,2
11270,2
11271,1
11272,2
11273,2
11274,1
11275,2
11276,1
11277,2
11278,1
11279,2
11280,1
11281,1
11282,2
11283,2
11284,1
11285,1
11286,2
11287,1
11288,1
11289,1
11290,1
11291,1
11292,2
11293,2
11294,2
11295,1
11296,1
11297,1
11298,2
11299,2
11300,2
11301,2
11302,2
11303,2
11304,2
11305,2
11306,1
11307,2
11308,2
11309,1
11310,2
11311,2
11312,1
11313,2
11314,2
11315,2
11316,2
11317,1
11318,2
11319,1
11320,1
11321,2
11322,1
11323,2
11324,2
11325,1
11326,2
11327,2
11328,1
11329,1
11330,2
11331,1
11332,2
11333,1
11334,1
11335,2
11336,2
11337,1
11338,1
11339,2
11340,2
11341,1
11342,2
11343,2
11344,1
11345,1
11346,2
11347,2
11348,2
11349,1
11350,1
11351,2
11352,2
11353,1
11354,1
11355,2
11356,1
11357,2
11358,1
11359,1
11360,1
11361,2
11362,2
11363,2
11364,1
11365,1
11366,2
11367,2
11368,2
11369,1
11370,1
11371,2
11372,2
11373,2
11374,2
11375,2
11376,2
11377,1
11378,1
11379,2
11380,1
11381,1
11382,1
